trade_date,close,pct_chg,amount,adv_ratio,market_amount,ma20,ma60,return_20,volatility_20,amount_z20,next_5d_return,regime,ai_timing_read
20230103,3887.8992,0.4201,207540165.953,0.8441327538522323,789094418.0199994,,,,,0.0,0.03332763874125133,中性震荡,趋势信号不充分，适合等待宽度或量能确认
20230104,3892.9477,0.1299,198997711.686,0.5716824644549763,783944302.3489984,,,,,0.0,0.03007571871566639,中性震荡,趋势信号不充分，适合等待宽度或量能确认
20230105,3968.5782,1.9428,256312608.292,0.5953791469194313,842939777.6349988,,,,,0.0,0.01242031718059633,中性震荡,趋势信号不充分，适合等待宽度或量能确认
20230106,3980.8888,0.3102,235744305.582,0.370260663507109,838258756.2819996,,,,,0.0,0.02348430330432727,中性震荡,趋势信号不充分，适合等待宽度或量能确认
20230109,4013.1196,0.8096,233212426.458,0.5866429559375618,807320911.9559982,,,,,0.0,0.031109140131283297,中性震荡,趋势信号不充分，适合等待宽度或量能确认
20230110,4017.4737,0.1085,214871166.24,0.35281342546890426,747310051.0129994,,,,,0.0,0.029811893977053305,中性震荡,趋势信号不充分，适合等待宽度或量能确认
20230111,4010.0309,-0.1853,203000262.961,0.20489538097118043,741920337.5439991,,,,,0.0,0.029995629210737507,中性震荡,趋势信号不充分，适合等待宽度或量能确认
20230112,4017.8692,0.1955,183686268.107,0.446266297905966,681494142.5970018,,,,,0.0,0.034381034604113125,中性震荡,趋势信号不充分，适合等待宽度或量能确认
20230113,4074.3772,1.4064,212173997.498,0.5751530713015999,702444502.7160002,,,,,0.0,0.02629837512344224,中性震荡,趋势信号不充分，适合等待宽度或量能确认
20230116,4137.9643,1.5607,319007749.371,0.7665876777251185,917243704.3019993,,,,,0.0,0.015316879365054215,中性震荡,趋势信号不充分，适合等待宽度或量能确认
20230117,4137.2422,-0.0175,204381576.523,0.38779138680363495,707291184.365001,,,,,0.0,0.00474122593064541,中性震荡,趋势信号不充分，适合等待宽度或量能确认
20230118,4130.3143,-0.1675,172126171.819,0.606042654028436,636081320.3139998,,,,,0.0,0.01588714447227435,中性震荡,趋势信号不充分，适合等待宽度或量能确认
20230119,4156.0077,0.6221,192699589.774,0.6724580454096742,687200318.4259987,,,,,0.0,0.006049459436757054,中性震荡,趋势信号不充分，适合等待宽度或量能确认
20230120,4181.5267,0.614,222342455.101,0.753257007500987,749346698.9489983,,,,,0.0,-0.009540725878899647,中性震荡,趋势信号不充分，适合等待宽度或量能确认
20230130,4201.345,0.4739,330193322.092,0.7548361626529807,1062543856.4450011,,,,,0.0,-0.027245346430726403,中性震荡,趋势信号不充分，适合等待宽度或量能确认
20230131,4156.8578,-1.0589,249365321.627,0.5883514313919053,902273816.8589998,,,,,0.0,-0.01506529763900033,中性震荡,趋势信号不充分，适合等待宽度或量能确认
20230201,4195.9332,0.94,265553944.709,0.8606670613775409,1006530768.0449972,,,,,0.0,-0.02854957271483749,中性震荡,趋势信号不充分，适合等待宽度或量能确认
20230202,4181.1493,-0.3523,262497434.837,0.45671465194241767,1025667919.7319987,,,,,0.0,-0.012028463083105012,中性震荡,趋势信号不充分，适合等待宽度或量能确认
20230203,4141.6319,-0.9451,226914770.044,0.3752959747434886,915561909.4059967,,,,,0.0,-0.008528570585908501,中性震荡,趋势信号不充分，适合等待宽度或量能确认
20230206,4086.8779,-1.322,226345113.969,0.36252465483234714,875450258.2570031,4078.5017399999997,,,,-0.8480440132435205,0.013872716872701307,中性震荡,趋势信号不充分，适合等待宽度或量能确认
20230207,4094.2335,0.18,183537351.577,0.666403785488959,846308554.4040006,4088.8184549999996,,0.05307089751709615,0.008424530270315886,-0.8435740243881816,0.012470392809789788,中性震荡,趋势信号不充分，适合等待宽度或量能确认
20230208,4076.1411,-0.4419,170591751.817,0.27287066246056785,805455058.0309976,4097.978125,,0.04705776037011744,0.008567615343793071,-0.8418934460513331,0.011665003451426292,中性震荡,趋势信号不充分，适合等待宽度或量能确认
20230209,4130.8565,1.3423,211722604.859,0.8303782505910166,901863984.8429956,4106.09204,,0.0408907905607101,0.008025252191638901,-0.8372898538942893,-0.00904628374285088,中性震荡,趋势信号不充分，适合等待宽度或量能确认
20230210,4106.3097,-0.5942,195348320.573,0.4317510340752413,893771624.8400029,4112.363085,,0.03150575318757953,0.008214630774562139,-0.8329527805857504,-0.017485943644240942,中性震荡,趋势信号不充分，适合等待宽度或量能确认
20230213,4143.574,0.9075,251990181.554,0.6912170145726664,982610464.790002,4118.885805,,0.032506980355133,0.008258255982643452,-0.8192578723489738,-0.002433744395538673,修复反弹,宽度改善但趋势仍需确认，适合结合反转与低估值修复
20230214,4145.2902,0.0414,204915435.75,0.44407246947617174,922774182.5489978,4125.27663,,0.031815142934227714,0.008261960619519632,-0.8055493247408528,-0.00022594316798374425,中性震荡,趋势信号不充分，适合等待宽度或量能确认
20230215,4123.6893,-0.5211,219855528.966,0.4268556802520181,942674831.0040036,4130.9595500000005,,0.028343522240688923,0.008369247057665353,-0.7898649081763421,-0.004059156445176404,中性震荡,趋势信号不充分，适合等待宽度或量能确认
20230216,4093.4876,-0.7324,281315625.589,0.0999213217938631,1197468656.3679976,4134.74047,,0.0188205230772569,0.008592910508611214,-0.7495531867738651,0.0024816735734096707,中性震荡,趋势信号不充分，适合等待宽度或量能确认
20230217,4034.507,-1.4408,225737746.955,0.3723948092803775,917605423.1750025,4132.7469599999995,,-0.009785593734424003,0.008667234220528603,-0.73274323424568,0.006577928852273596,中性震荡,趋势信号不充分，适合等待宽度或量能确认
20230220,4133.4896,2.4534,280122962.15,0.7858125368441737,952848166.1590031,4132.523225,,-0.0010813771399622585,0.009705682008525032,-0.7299615519944095,-0.02168753490997044,修复反弹,宽度改善但趋势仍需确认，适合结合反转与低估值修复
20230221,4144.3536,0.2628,249674201.048,0.5776031434184676,925304867.8830007,4132.878795,,0.0017188744715019855,0.009723393107227186,-0.7129287206483907,-0.018071551616638204,中性震荡,趋势信号不充分，适合等待宽度或量能确认
20230222,4106.9506,-0.9025,191586158.991,0.4430479183032207,786049325.5139986,4131.71061,,-0.0056566397380460876,0.00993189748046001,-0.7012121178248822,0.00486757741863264,中性震荡,趋势信号不充分，适合等待宽度或量能确认
20230223,4103.6463,-0.0805,197193582.43,0.36233307148468186,810652628.9900028,4129.09254,,-0.012598966070250461,0.009815034055091116,-0.6915671159553579,0.0034338729436791393,中性震荡,趋势信号不充分，适合等待宽度或量能确认
20230224,4061.0457,-1.0381,191210465.053,0.34708308780200353,728413480.0579977,4123.06849,,-0.028812682219630514,0.009913694556857503,-0.6932025728732272,0.017115197694032247,中性震荡,趋势信号不充分，适合等待宽度或量能确认
20230227,4043.8444,-0.4236,187959491.145,0.20762129247692004,755852647.8210005,4115.19346,,-0.03748813772732307,0.009823199435841394,-0.71716354425587,0.016114813913215897,中性震荡,趋势信号不充分，适合等待宽度或量能确认
20230228,4069.4587,0.6334,198799712.379,0.7508344786962498,759693689.8469999,4110.823504999999,,-0.0210252802008285,0.009760674050313462,-0.7283029517347992,-0.005063769291969944,中性震荡,趋势信号不充分，适合等待宽度或量能确认
20230301,4126.9415,1.4125,255374791.016,0.6828263002944063,922280705.108,4107.37392,,-0.01644251629172755,0.010078118417099149,-0.7348851858851563,-0.022494576189170612,修复反弹,宽度改善但趋势仍需确认，适合结合反转与低估值修复
20230302,4117.7377,-0.223,235953764.97,0.3356876594074946,936944028.9990005,4104.20334,,-0.015166069291044026,0.010063733007633387,-0.7418169483453461,-0.023772082422831242,中性震荡,趋势信号不充分，适合等待宽度或量能确认
20230303,4130.5513,0.3112,226914545.628,0.4364456649666536,872178895.2809999,4103.64931,,-0.002675418836715071,0.00988020055106672,-0.7452063482717595,-0.039562781849483364,中性震荡,趋势信号不充分，适合等待宽度或量能确认
20230306,4109.0102,-0.5215,283079861.972,0.4544028240831536,955674073.8770005,4104.755925,,0.0054154541783593135,0.009473976278410946,-0.7389386741545214,-0.024415660978402864,中性震荡,趋势信号不充分，适合等待宽度或量能确认
20230307,4048.8519,-1.4641,272491994.009,0.08725490196078431,936328903.8770005,4102.486845,,-0.011084272550649477,0.010034770747160525,-0.7319056228086562,-0.01584555364941853,中性震荡,趋势信号不充分，适合等待宽度或量能确认
20230308,4034.1077,-0.3642,191659655.191,0.6996667320133307,722624655.7990003,4100.385175,,-0.010312057156215637,0.010020325239060905,-0.738376942630304,-0.011701645942670313,中性震荡,趋势信号不充分，适合等待宽度或量能确认
20230309,4019.8505,-0.3534,201737990.687,0.46197569580556647,759406644.7740006,4094.8348749999996,,-0.02687239317076251,0.009485987700745555,-0.749506757090768,-0.020075373449833456,中性震荡,趋势信号不充分，适合等待宽度或量能确认
20230310,3967.1352,-1.3114,218286956.131,0.14615987460815047,815322968.424003,4087.87615,,-0.033892840571669414,0.009800299290134868,-0.7556357427236592,-0.002096172573095134,中性震荡,趋势信号不充分，适合等待宽度或量能确认
20230313,4008.686,1.0474,242865516.758,0.45840673321589354,842410795.5159986,4081.1317499999996,,-0.032553539528918596,0.009885693235315041,-0.7665891713478517,-0.017364542895103252,中性震荡,趋势信号不充分，适合等待宽度或量能确认
20230314,3984.6956,-0.5985,267224848.811,0.18841713950303268,934931813.9199996,4073.10202,,-0.038741461333635985,0.009920315357079736,-0.765639327827171,-0.0005815751647377798,中性震荡,趋势信号不充分，适合等待宽度或量能确认
20230315,3986.902,0.0554,232101093.979,0.698083691826359,820459369.1399995,4066.262655,,-0.033171097541223604,0.009903614028834502,-0.7751876979854757,0.0031454748574206715,中性震荡,趋势信号不充分，适合等待宽度或量能确认
20230316,3939.1505,-1.1977,246264286.428,0.13433711380524052,848035377.1589992,4058.5458,,-0.037703082330089344,0.010096966446571633,-0.8024879940742844,0.025370698580823525,中性震荡,趋势信号不充分，适合等待宽度或量能确认
20230317,3958.8194,0.4993,305541015.556,0.6295210166177908,975085024.2910023,4054.7614200000003,,-0.01876006163826216,0.00975531244848068,-0.7979972651629293,0.017234001631900808,中性震荡,趋势信号不充分，适合等待宽度或量能确认
20230320,3939.077,-0.4987,319760032.638,0.37008797653958947,1059206270.5990008,4045.04079,,-0.04703352828080165,0.007726613664856374,-0.7896877883173663,0.018633832240395387,中性震荡,趋势信号不充分，适合等待宽度或量能确认
20230321,3982.3782,1.0993,251631985.017,0.8153575615474795,896081038.8100024,4036.94202,,-0.03908339288423657,0.008222298215413261,-0.7919709686382206,0.004303082012652615,中性震荡,趋势信号不充分，适合等待宽度或量能确认
20230322,3999.4427,0.4285,265180992.104,0.6099276920070353,960395404.0610031,4031.5666250000004,,-0.02617706188138713,0.00815870769681381,-0.7783497715472328,0.0016755584471805918,中性震荡,趋势信号不充分，适合等待宽度或量能确认
20230323,4039.0895,0.9913,296479529.467,0.3984375,1023729008.993998,4028.338785,,-0.015731570237912607,0.00853579682285732,-0.7617026786406603,-0.00013958591410268006,中性震荡,趋势信号不充分，适合等待宽度或量能确认
20230324,4027.0457,-0.2982,295785588.943,0.46572934973637964,1078296626.873,4026.638785,,-0.008372227872244786,0.008252393134055196,-0.7343672355879666,0.005929905389451928,中性震荡,趋势信号不充分，适合等待宽度或量能确认
20230327,4012.4771,-0.3618,315474696.948,0.38766347843060706,1143618725.5960019,4025.07042,,-0.007756801918491152,0.008238372689871825,-0.7040720995310432,0.019461917925961414,中性震荡,趋势信号不充分，适合等待宽度或量能确认
20230328,3999.5147,-0.3231,248736920.972,0.2730288836846214,1007156169.2460023,4021.5732200000007,,-0.01718754388636501,0.00810605971738332,-0.684738511803634,0.025900767410605985,中性震荡,趋势信号不充分，适合等待宽度或量能确认
20230329,4006.144,0.1658,263866922.733,0.30856251219036473,983552889.2599988,4015.5333450000007,,-0.02927046579167647,0.007337988737546777,-0.6799514784302124,0.02258930283085192,中性震荡,趋势信号不充分，适合等待宽度或量能确认
20230330,4038.5257,0.8083,280004715.991,0.3770236005461283,946189346.8879987,4011.5727450000004,,-0.01923677654358591,0.00763718603949373,-0.6792291662441032,0.020986420861454524,中性震荡,趋势信号不充分，适合等待宽度或量能确认
20230331,4050.9257,0.307,279863685.781,0.6850009752291789,954616652.3659979,4007.591465,,-0.01927723304150719,0.00763603529490344,-0.6727885227472609,0.013302169427595434,修复反弹,宽度改善但趋势仍需确认，适合结合反转与低估值修复
20230403,4090.5676,0.9786,382895558.426,0.6541236108403198,1254801712.6289988,4006.669335,4063.309,-0.004488331520812405,0.00792577656088954,-0.6494184730348768,0.002342046614753457,修复反弹,宽度改善但趋势仍需确认，适合结合反转与低估值修复
20230404,4103.1052,0.3065,394443175.146,0.2668484612388002,1327651530.3580015,4009.382,4066.8957666666665,0.013399675102959474,0.007181188427784284,-0.6188454732525871,-0.001417852995823865,中性震荡,趋势信号不充分，适合等待宽度或量能确认
20230406,4096.64,-0.1576,328981851.588,0.3973509933774834,1195644290.8049963,4012.5086149999997,4070.2906383333334,0.01550089998836679,0.007130277157768721,-0.581889702695427,-0.006752216450554682,中性震荡,趋势信号不充分，适合等待宽度或量能确认
20230407,4123.2799,0.6503,286567771.883,0.6773816481589714,1055727604.3220013,4017.680085000001,4072.869,0.025729663329519425,0.007162792048106423,-0.55873893139141,-0.007586460477737811,修复反弹,宽度改善但趋势仍需确认，适合结合反转与低估值修复
20230410,4104.8118,-0.4479,340822557.208,0.25199300019443904,1227191469.4000013,4024.563915,4074.9343833333332,0.0347042873658554,0.006475858692020716,-0.5265607368824283,0.010858427175638008,中性震荡,趋势信号不充分，适合等待宽度或量能确认
20230411,4100.1479,-0.1136,324192951.999,0.45645412130637636,1084468341.6910012,4029.13701,4076.384855,0.022815930207554347,0.0061633643731288995,-0.507649422264465,0.015093138469468359,中性震荡,趋势信号不充分，适合等待宽度或量能确认
20230412,4097.2876,-0.0698,325425226.403,0.6150106941473847,1133177936.125997,4034.7666099999997,4077.7150866666666,0.02825611070516887,0.005951130309159187,-0.4921609780987197,0.006655939895456875,修复反弹,宽度改善但趋势仍需确认，适合结合反转与低估值修复
20230413,4068.9786,-0.6909,300291020.753,0.3638483965014577,1138309278.2389994,4038.8704399999997,4078.697548333333,0.020586560692989142,0.006234914956036516,-0.4673282070190839,0.010823502487823378,中性震荡,趋势信号不充分，适合等待宽度或量能确认
20230414,4091.9988,0.5657,306201501.439,0.5321796616760646,1116225350.6109993,4046.512855,4079.933041666666,0.038802350912969574,0.005501256068771303,-0.4463752351102174,-0.014523855676594977,中性震荡,趋势信号不充分，适合等待宽度或量能确认
20230417,4149.3836,1.4024,341831272.793,0.5366375121477163,1122232254.4180014,4056.041065,4081.183148333333,0.0481366237621248,0.0061043419968992785,-0.43487901196796636,-0.040184450528989446,中性震荡,趋势信号不充分，适合等待宽度或量能确认
20230418,4162.032,0.3048,331545662.316,0.2907608695652174,1061480533.1269994,4067.1888150000004,4081.584276666667,0.056600822984673727,0.005853862246525963,-0.43470132986356397,-0.04790116942877898,中性震荡,趋势信号不充分，适合等待宽度或量能确认
20230419,4124.5589,-0.9004,312219504.523,0.3113354037267081,1084267246.6619983,4074.29785,4081.3728883333333,0.035702460404187564,0.006079351015230326,-0.4199988401470171,-0.04008346201578061,中性震荡,趋势信号不充分，适合等待宽度或量能确认
20230420,4113.0192,-0.2798,332172409.512,0.31328806983511154,1140493182.5329962,4079.9766750000003,4081.0846366666665,0.028398081562713617,0.006131395075352212,-0.4059282779831845,-0.030294217931197465,中性震荡,趋势信号不充分，适合等待宽度或量能确认
20230421,4032.5672,-1.956,347852011.603,0.11292200232828871,1220066073.9160023,4079.6505599999996,4079.0272950000003,-0.0016147946214115638,0.007394269736260565,-0.3905889834039401,-0.0008633210129765923,中性震荡,趋势信号不充分，适合等待宽度或量能确认
20230424,3982.6429,-1.238,328375614.674,0.397090203685742,1085474479.9920046,4077.4304199999997,4075.712565,-0.011026147530434072,0.007873217092934714,-0.3900281967614245,0.011952916993888785,中性震荡,趋势信号不充分，适合等待宽度或量能确认
20230425,3962.6658,-0.5016,331110619.768,0.16505042668735453,1135982258.117999,4074.9398549999996,4071.7345783333335,-0.01241410200197779,0.007908260934874406,-0.3906248137284574,0.013680588456387088,中性震荡,趋势信号不充分，适合等待宽度或量能确认
20230426,3959.2323,-0.0866,322062811.334,0.6804584304584305,1125352204.7150006,4072.925735,4068.4408200000003,-0.010071821963799743,0.007884420444272773,-0.38139047070271204,0.026123776571533863,中性震荡,趋势信号不充分，适合等待宽度或量能确认
20230427,3988.4185,0.7372,304804002.557,0.5075816485225505,1047630935.1040006,4072.03946,4064.9822416666666,-0.00442457884689107,0.008067230040878946,-0.3763842227909692,0.009892868564319368,中性震荡,趋势信号不充分，适合等待宽度或量能确认
20230428,4029.0858,1.0196,328936294.025,0.7789904502046384,1119510443.1800046,4071.567465,4062.44785,-0.002337461910914773,0.008194147316687295,-0.36284310484730936,-0.00799593297318213,中性震荡,趋势信号不充分，适合等待宽度或量能确认
20230504,4030.2471,0.0288,345492506.049,0.5882237487733072,1174271848.178994,4070.533535,4060.591436666667,-0.005104660398979832,0.008161309082626508,-0.34568202649577334,-0.009821581411224134,中性震荡,趋势信号不充分，适合等待宽度或量能确认
20230505,4016.8774,-0.3317,307694489.937,0.3030185004868549,1075390909.9989986,4066.8490250000004,4059.424761666667,-0.018014663784067575,0.007834857896128629,-0.35969891705759155,-0.019695696961027465,中性震荡,趋势信号不充分，适合等待宽度或量能确认
20230508,4062.6624,1.1398,359539954.17,0.5843068535825545,1141189002.2110023,4064.826885,4058.898576666667,-0.00985663248410007,0.008265404409868397,-0.3742667402466248,-0.01569788324031063,中性震荡,趋势信号不充分，适合等待宽度或量能确认
20230509,4027.8754,-0.8563,396422120.421,0.16322555512271134,1226627410.1320043,4061.388655,4058.094148333333,-0.016785609670364132,0.008460282134339183,-0.3718461112404326,-0.012331563185892014,中性震荡,趋势信号不充分，适合等待宽度或量能确认
20230510,3996.8695,-0.7698,309484851.741,0.5734034267912772,1022753378.3589976,4055.068135,4055.861031666667,-0.03065772954196022,0.00840981847988769,-0.3744223001315622,-0.009183312089624085,中性震荡,趋势信号不充分，适合等待宽度或量能确认
20230511,3990.6637,-0.1553,241052071.432,0.6223000583771162,898145877.5689988,4049.3607299999994,4053.9335983333335,-0.027808363832904637,0.00838107216181937,-0.4001297602339263,-0.008668633240130008,中性震荡,趋势信号不充分，适合等待宽度或量能确认
20230512,3937.7622,-1.3256,228992923.388,0.23512252042007,850448770.5119994,4041.2414450000006,4050.503401666667,-0.0396048396205414,0.00879099939251325,-0.4184130891664905,0.0017213075995294869,风险收缩,趋势与宽度同步走弱，适合降低仓位或提高防御过滤
20230515,3998.8872,1.5523,279531163.508,0.6809255298463932,940442275.7859999,4036.3214250000005,4048.0633516666667,-0.024015985599839196,0.009624406574311207,-0.4334710155496468,-0.00739193143532535,中性震荡,趋势信号不充分，适合等待宽度或量能确认
20230516,3978.2054,-0.5172,234840652.671,0.2836052836052836,868184283.3170033,4031.782765,4045.63862,-0.0223085960688022,0.009577613609867001,-0.45457516555806005,-0.016343349189561596,风险收缩,趋势与宽度同步走弱，适合降低仓位或提高防御过滤
20230517,3960.165,-0.4535,205195685.976,0.6934575810522229,783445025.490999,4025.191075,4043.416576666666,-0.0322174581282868,0.009470599321432611,-0.4805744104750623,-0.025522042642162623,中性震荡,趋势信号不充分，适合等待宽度或量能确认
20230518,3956.0701,-0.1034,229134184.413,0.49107489328676757,882972981.3380015,4015.5254,4042.109295,-0.04658848605850763,0.00873358670067021,-0.4992671034316774,-0.026685700033475146,中性震荡,趋势信号不充分，适合等待宽度或量能确认
20230519,3944.5403,-0.2914,207094944.781,0.4867170835757223,850420329.0109988,4004.6508149999995,4038.96014,-0.05225613354246195,0.008641024317935975,-0.5157566778590887,-0.023726262855015,中性震荡,趋势信号不充分，适合等待宽度或量能确认
20230522,3969.3277,0.6284,202185550.246,0.5696006203955021,797791017.2400016,3996.8892550000005,4036.0430416666663,-0.03763583058542341,0.008724654000678157,-0.5381383064873918,-0.03410806822525636,中性震荡,趋势信号不充分，适合等待宽度或量能确认
20230523,3913.1882,-1.4143,189955815.34,0.24069767441860465,768248661.5489995,3986.8977050000003,4032.813668333333,-0.048584990801890715,0.009146126692812768,-0.5672207844451413,-0.019277145934356033,风险收缩,趋势与宽度同步走弱，适合降低仓位或提高防御过滤
20230524,3859.0935,-1.3824,211768410.52,0.3957768306857807,804886686.3030001,3978.22402,4028.7377883333334,-0.04301817958545118,0.008658135315413042,-0.5996576497530556,-0.01569023917145307,风险收缩,趋势与宽度同步走弱，适合降低仓位或提高防御过滤
20230525,3850.4996,-0.2227,213313620.055,0.40054232035638193,859221144.8420016,3971.616855,4025.228686666667,-0.033179801282208765,0.008318367274477522,-0.6173342232455912,-0.011331438652791959,风险收缩,趋势与宽度同步走弱，适合降低仓位或提高防御过滤
20230526,3850.9511,0.0117,191537814.873,0.5634321131125315,823560762.2890011,3966.0311199999996,4022.0137983333334,-0.02819180461799231,0.00828827405008603,-0.6417428867820104,0.002825951230593482,中性震荡,趋势信号不充分，适合等待宽度或量能确认
20230529,3833.9416,-0.4417,230095604.813,0.32254312851327777,923256885.7340025,3959.766585,4018.088513333333,-0.031645200510210025,0.008314313431942113,-0.6575320584912212,0.0026885125219435757,风险收缩,趋势与宽度同步走弱，适合降低仓位或提高防御过滤
20230530,3837.7531,0.0994,244566265.535,0.5549312148808371,935463549.6670008,3952.233315,4013.2687066666667,-0.03777572488945191,0.008071941070853348,-0.6662953990661926,-0.007710292775217953,中性震荡,趋势信号不充分，适合等待宽度或量能确认
20230531,3798.5434,-1.0217,235606123.948,0.36289697908597984,940869530.5970013,3940.7061949999998,4007.948801666667,-0.05721953104101174,0.007746931147137239,-0.6802521401588862,-0.0024224022292334,风险收缩,趋势与宽度同步走弱，适合降低仓位或提高防御过滤
20230601,3806.8679,0.2191,241829546.409,0.5094850948509485,988874412.7609979,3929.537235,4002.5540783333336,-0.055425683452510865,0.007799837341416538,-0.6947367504755525,0.003498624157670438,中性震荡,趋势信号不充分，适合等待宽度或量能确认
20230602,3861.8337,1.4439,232696547.131,0.6580882352941176,942515483.4799981,3921.78505,3998.43447,-0.0385980662491715,0.008698735438206229,-0.7051179554229084,-0.0065075562419997235,中性震荡,趋势信号不充分，适合等待宽度或量能确认
20230605,3844.2492,-0.4553,211144360.144,0.5156733746130031,875270349.749999,3910.86439,3995.024425,-0.05376110011011492,0.00812469388875704,-0.7258934750418639,4.765559943398223e-05,中性震荡,趋势信号不充分，适合等待宽度或量能确认
20230606,3808.1629,-0.9387,222091722.592,0.11240085122847746,939566792.0359985,3899.878765,3991.258678333333,-0.054547988252069635,0.008157880674323291,-0.7483207604086076,0.014900754376867775,风险收缩,趋势与宽度同步走弱，适合降低仓位或提高防御过滤
20230607,3789.3418,-0.4942,189879792.18,0.534532791642484,816107809.502998,3889.5023799999994,3987.4168666666665,-0.05192256089421976,0.008093272417784302,-0.7644654310821609,0.019708673416581224,中性震荡,趋势信号不充分，适合等待宽度或量能确认
20230608,3820.1867,0.814,199119300.65,0.34422742216205765,861343975.974,3880.9785300000003,3984.9677250000004,-0.04271895925482272,0.008443866511370978,-0.7673406661268855,0.027567422293784727,风险收缩,趋势与宽度同步走弱，适合降低仓位或提高防御过滤
20230609,3836.7026,0.4323,247296087.071,0.530048309178744,991228976.5370003,3875.92555,3982.101335,-0.025664221166021628,0.00813589825995336,-0.756341881704789,0.033009673462832234,中性震荡,趋势信号不充分，适合等待宽度或量能确认
20230612,3844.4324,0.2015,240791270.474,0.5742708132122851,966924582.743002,3868.2028099999998,3979.7636150000003,-0.038624445320688205,0.007172294297156569,-0.7542728892416856,0.022493697639214494,中性震荡,趋势信号不充分，适合等待宽度或量能确认
20230613,3864.9074,0.5326,225435215.315,0.5161290322580645,943900059.7070006,3862.5379100000005,3977.7303716666665,-0.028479675785468395,0.007306440993468852,-0.7483574162829563,0.015351027556313568,中性震荡,趋势信号不充分，适合等待宽度或量能确认
20230614,3864.0247,-0.0228,243932581.184,0.4191304347826087,1002135847.5950009,3857.7308949999997,3976.478275,-0.02427684200027025,0.007273140539615732,-0.7312716818936643,1.9668611330736496e-06,中性震荡,趋势信号不充分，适合等待宽度或量能确认
20230615,3925.4994,1.5909,282635910.894,0.5270374662031673,1074067784.6320024,3856.20236,3975.9229416666667,-0.007727542542787513,0.00821911973977835,-0.7163419513231583,-0.02950024651640515,中性震荡,趋势信号不充分，适合等待宽度或量能确认
20230616,3963.3509,0.9642,280374762.838,0.597952086553323,1070214580.0240003,3857.1428900000005,3976.3275066666665,0.0047687686192481316,0.008488561031001835,-0.6991700089573487,-0.029751970737690647,中性震荡,趋势信号不充分，适合等待宽度或量能确认
20230619,3930.9079,-0.8186,268213068.58,0.38151292937089926,1108796291.5849967,3855.2218999999996,3975.469668333333,-0.009679170606145648,0.008565481785708772,-0.6748719910524161,-0.022923279377774275,中性震荡,趋势信号不充分，适合等待宽度或量能确认
20230620,3924.2377,-0.1697,266274081.287,0.294945987654321,1092479260.2540002,3855.7743749999995,3974.2162516666667,0.0028236566797374962,0.00794824679691133,-0.649540713603012,-0.026092761913989126,中性震荡,趋势信号不充分，适合等待宽度或量能确认
20230621,3864.0323,-1.5342,243630705.592,0.18230873000578146,1024484407.9879997,3856.0213150000004,3971.2986316666666,0.0012797824152226411,0.008094840238213276,-0.6323841255527866,-0.005585020601406421,中性震荡,趋势信号不充分，适合等待宽度或量能确认
20230626,3809.6962,-1.4062,247713845.78,0.17826170745808442,979776338.5130005,3853.981145,3967.6761400000005,-0.010596910593108522,0.008684619566698606,-0.6229654677486071,0.0218353106476048,风险收缩,趋势与宽度同步走弱，适合降低仓位或提高防御过滤
20230627,3845.4334,0.9381,210097713.688,0.8318567026194145,842859286.1159981,3853.70526,3964.8920783333333,-0.0014328148700720744,0.008961682868172872,-0.6214577252240642,0.013933383945747169,中性震荡,趋势信号不充分，适合等待宽度或量能确认
20230628,3840.7986,-0.1205,206187959.877,0.41843016544824935,890361046.0579998,3854.0481099999997,3962.2468099999996,0.0017884988128145096,0.00890761447926002,-0.6240277900023179,0.007291921008302893,风险收缩,趋势与宽度同步走弱，适合降低仓位或提高防御过滤
20230629,3821.8435,-0.4935,204110031.408,0.6442307692307693,868763874.5039985,3853.25263,3959.175135,-0.004145550686937116,0.008975647768086424,-0.6292388588653044,0.005471495627699108,中性震荡,趋势信号不充分，适合等待宽度或量能确认
20230630,3842.4516,0.5392,208146272.909,0.7567723342939481,921846501.7679992,3855.44804,3955.9072333333334,0.011559220305341178,0.008731316659185586,-0.6307250776957299,-0.004359924793847725,中性震荡,趋势信号不充分，适合等待宽度或量能确认
20230703,3892.8821,1.3125,256876520.212,0.6089127929312332,1027059911.2640018,3859.74875,3953.2731733333335,0.022594479834721737,0.009166862972587632,-0.6277417458911846,-0.012472815449509733,修复反弹,宽度改善但趋势仍需确认，适合结合反转与低估值修复
20230704,3899.0133,0.1575,216335611.422,0.5784520837334357,931576226.9729999,3861.6077300000006,3950.0806016666666,0.009627447189142213,0.008621008586972649,-0.6285964010124955,-0.00757299289027813,中性震荡,趋势信号不充分，适合等待宽度或量能确认
20230705,3868.8054,-0.7748,188400265.051,0.2707373271889401,870572733.9319986,3862.83554,3946.175605,0.006387775277419516,0.008748479656851067,-0.6289634132874372,-0.00655719204693006,中性震荡,趋势信号不充分，适合等待宽度或量能确认
20230706,3842.7547,-0.6734,184742420.862,0.3918555512869766,822049824.4489993,3864.56513,3941.944183333333,0.00908359251123425,0.008612017438189318,-0.6381447025391265,0.014486534880823854,风险收缩,趋势与宽度同步走弱，适合降低仓位或提高防御过滤
20230707,3825.6988,-0.4438,173918560.673,0.34958725283163755,801914501.309001,3866.3829800000008,3936.9844983333332,0.009594542250055182,0.008596020069874335,-0.6392535880953417,0.01918705675418031,风险收缩,趋势与宽度同步走弱，适合降低仓位或提高防御过滤
20230710,3844.3269,0.4869,185360813.111,0.4838771593090211,763443385.5259995,3867.5899900000004,3932.6430833333334,0.006319115241147699,0.008473516876082426,-0.6469023017855482,0.005943303104634534,中性震荡,趋势信号不充分，适合等待宽度或量能确认
20230711,3869.4861,0.6545,177585694.368,0.686120176617393,774980382.5559992,3869.2291649999997,3928.79872,0.008544707113863792,0.008542620844847987,-0.6637972313636173,-0.0037593622574325636,修复反弹,宽度改善但趋势仍需确认，适合结合反转与低估值修复
20230712,3843.4369,-0.6732,214046519.056,0.17267843438219493,913591270.0640007,3869.1793900000002,3924.567875,-0.0002589458979692649,0.008681608191905738,-0.6679640217472628,0.0019330094895013694,风险收缩,趋势与宽度同步走弱，适合降低仓位或提高防御过滤
20230713,3898.4229,1.4306,235278706.835,0.7534062559969296,922336308.7680011,3870.855165,3921.72528,0.00867174721961006,0.009187815538290277,-0.6696487404631007,-0.019168854153816972,修复反弹,宽度改善但趋势仍需确认，适合结合反转与低估值修复
20230714,3899.1027,0.0174,220230466.523,0.4117421335379893,925288043.2209998,3872.6090649999996,3918.510345,0.009078099319603128,0.009186641206950466,-0.6756526557682893,-0.019797554960529817,中性震荡,趋势信号不充分，适合等待宽度或量能确认
20230717,3867.1749,-0.8188,174623552.807,0.3980824544582934,804433776.8069993,3869.6928399999997,3913.806866666667,-0.01485785477384105,0.00862099621296436,-0.6967184462559546,-0.016020454621796354,风险收缩,趋势与宽度同步走弱，适合降低仓位或提高防御过滤
20230718,3854.9393,-0.3164,167104315.117,0.488398849472675,779234320.2530015,3864.27226,3908.688655,-0.02735352047682682,0.008280236934412424,-0.7194519628395181,0.015610103121468155,中性震荡,趋势信号不充分，适合等待宽度或量能确认
20230719,3850.8663,-0.1057,151311481.03,0.4149425287356322,704054798.354,3860.2701800000004,3904.1271116666667,-0.020362115327097863,0.00812257167116455,-0.751073343120312,0.014580225753358267,风险收缩,趋势与宽度同步走弱，适合降低仓位或提高防御过滤
20230720,3823.6946,-0.7056,174320872.14,0.19471568064330844,788073038.2950017,3855.2430250000007,3899.305035,-0.025621052465807592,0.00823450877741542,-0.7748557945501477,0.020569425183695422,风险收缩,趋势与宽度同步走弱，适合降低仓位或提高防御过滤
20230721,3821.91,-0.0467,157144211.209,0.41432127130001917,712762065.6129998,3853.13691,3895.7940816666664,-0.010901125231277176,0.007538463928256563,-0.799209835079998,0.044696918556428544,风险收缩,趋势与宽度同步走弱，适合降低仓位或提高防御过滤
20230724,3805.221,-0.4367,151448369.566,0.4703292496171516,660297110.0740014,3852.9131499999994,3892.8370500000005,-0.0011746868424836743,0.006907163189606534,-0.8241699005618895,0.0550320467589136,中性震荡,趋势信号不充分，适合等待宽度或量能确认
20230725,3915.1153,2.888,299853562.168,0.8446527644920605,949516234.3039973,3856.397245,3892.0445416666666,0.018120688294848586,0.009276230201943694,-0.8158370758462462,0.02117069195893162,修复反弹,宽度改善但趋势仍需确认，适合结合反转与低估值修复
20230726,3907.0128,-0.207,192912604.8,0.4066144140699675,793584724.263001,3859.7079550000003,3891.174216666667,0.01723969593198671,0.009288748698335975,-0.8233979534059622,0.016094700278432628,中性震荡,趋势信号不充分，适合等待宽度或量能确认
20230727,3902.3458,-0.1195,196845425.513,0.2525329764863315,784888554.4649976,3863.7330699999998,3889.7396716666667,0.021063735341334544,0.009202422878187295,-0.8299509098867864,0.02630164143833702,中性震荡,趋势信号不充分，适合等待宽度或量能确认
20230728,3992.7376,2.3163,310092467.4,0.6963500859927384,954135807.9379995,3871.24737,3889.133868333333,0.03911200859368025,0.010418120462165312,-0.827428231964012,0.006973060288259392,修复反弹,宽度改善但趋势仍需确认，适合结合反转与低估值修复
20230731,4014.6301,0.5483,366544120.0,0.6990254156315688,1109482235.5370014,3877.33477,3888.873585,0.03127451509512702,0.010123508802307075,-0.8209887941918734,-0.006096950252029387,修复反弹,宽度改善但趋势仍需确认，适合结合反转与低估值修复
20230801,3998.001,-0.4142,255620773.6,0.3717997707298433,960043092.6950028,3882.284155,3888.558978333333,0.02538788467328401,0.010204322163679176,-0.8187647534116413,-0.004569483599428881,中性震荡,趋势信号不充分，适合等待宽度或量能确认
20230802,3969.895,-0.703,204875690.924,0.396139881521116,838862756.7130011,3887.338635,3887.012855,0.02612940935204433,0.010172035261593626,-0.8212421698987248,-0.0005868669070592247,中性震荡,趋势信号不充分，适合等待宽度或量能确认
20230803,4004.9839,0.8839,224809824.82,0.3983957219251337,834940542.9199992,3895.450095,3886.6313299999997,0.04221690236954245,0.010117436077675068,-0.820235052225639,-0.0073077197638672375,中性震荡,趋势信号不充分，适合等待宽度或量能确认
20230804,4020.5792,0.3894,316529733.838,0.4393736872255108,1051300148.8979981,3905.194115,3887.0264916666665,0.050939817844520396,0.010004177196181083,-0.8007512124640381,-0.03390690575129085,中性震荡,趋势信号不充分，适合等待宽度或量能确认
20230807,3990.1531,-0.7568,227090572.751,0.284077892325315,891947676.6979991,3912.485425,3887.0179816666664,0.0379328303219999,0.010235263583622086,-0.7907115127376141,-0.03364457368816243,中性震荡,趋势信号不充分，适合等待宽度或量能确认
20230808,3979.7322,-0.2612,202611335.314,0.3849236641221374,800380600.1470004,3917.99773,3887.7174816666666,0.028491147700465902,0.010221939412380867,-0.7887270610490851,-0.03346870927646839,中性震荡,趋势信号不充分，适合等待宽度或量能确认
20230809,3967.5652,-0.3057,174394242.765,0.22826086956521738,738254194.3289989,3924.2041449999997,3887.1954483333334,0.03229617220982606,0.010099332819708635,-0.8024256821241785,-0.03761284124580988,中性震荡,趋势信号不充分，适合等待宽度或量能确认
20230810,3975.7166,0.2055,175646730.198,0.5797598627787307,695776760.9840006,3928.0688299999993,3887.153968333333,0.019826915135348733,0.009652168387300595,-0.8201261791983291,-0.03637477580771231,趋势上行,趋势和宽度共振，适合提高权益暴露并强化动量类信号
20230811,3884.2538,-2.3005,203546314.647,0.10842225609756098,764754429.6420009,3927.3263850000003,3885.888781666667,-0.0038082864552401174,0.011050200457264278,-0.8326682450050946,-0.02580933305645472,高波动分化,波动抬升且赚钱效应不足，适合降低换手并控制回撤
20230814,3855.9061,-0.7298,197623765.246,0.5620354488279017,743079090.1580037,3926.762945,3884.219381666667,-0.0029139618174497395,0.011017784602040481,-0.8374617240799704,-0.032768199412325005,中性震荡,趋势信号不充分，适合等待宽度或量能确认
20230815,3846.5357,-0.243,177437071.693,0.28138693084397026,707465228.7919993,3926.342765,3882.585971666667,-0.0021799565041140667,0.011008221902687378,-0.8430688530041113,-0.022957956688144043,高波动分化,波动抬升且赚钱效应不足，适合降低换手并控制回撤
20230816,3818.3338,-0.7332,169323869.028,0.2067783701447068,705704029.5329998,3924.7161399999995,3880.069406666667,-0.008448099067994153,0.011127149927656227,-0.8429400029426416,-0.031872514655476136,高波动分化,波动抬升且赚钱效应不足，适合降低换手并控制回撤
20230817,3831.1008,0.3344,174093848.243,0.7594213932242101,741507663.4019982,3925.08645,3878.701283333334,0.0019369224728356116,0.011040706823217707,-0.8465780322824431,-0.02810458550190076,中性震荡,趋势信号不充分，适合等待宽度或量能确认
20230818,3784.0038,-1.2293,168445686.988,0.20258702682138102,746087367.4459983,3923.19114,3877.449788333333,-0.009918129940265419,0.01138699896668615,-0.8439744147639594,-0.019781190494576162,高波动分化,波动抬升且赚钱效应不足，适合降低换手并控制回撤
20230821,3729.555,-1.4389,173379942.907,0.26383869126878445,679325026.025999,3919.40784,3875.4340450000004,-0.019884784615663675,0.011782702504613421,-0.8424878141155655,0.006184223050739401,高波动分化,波动抬升且赚钱效应不足，适合降低换手并控制回撤
20230822,3758.2271,0.7688,203463879.672,0.4883986306580449,819696375.2299979,3911.5634299999997,3873.888645,-0.04007243413750805,0.009735032161334808,-0.8526302956758516,0.00848261671041639,中性震荡,趋势信号不充分，适合等待宽度或量能确认
20230823,3696.6339,-1.6389,160476231.587,0.11497529456480425,708210359.4139985,3901.044485,3871.600183333334,-0.05384648343102438,0.010253352078957915,-0.859300368555137,0.024853908308312578,中性震荡,趋势信号不充分，适合等待宽度或量能确认
20230824,3723.4293,0.7249,196257391.084,0.4336754085898898,787509240.2020025,3892.0986600000006,3869.694786666667,-0.04584844838712143,0.010490268920898384,-0.8590956213234541,0.011236550134039236,高波动分化,波动抬升且赚钱效应不足，适合降低换手并控制回撤
20230825,3709.1517,-0.3835,175601437.173,0.16891506745202356,767972208.8260005,3877.919365,3868.2049249999995,-0.07102542876847207,0.008611028423794924,-0.8736400899791601,0.022199011164736104,中性震荡,趋势信号不充分，适合等待宽度或量能确认
20230828,3752.6194,1.1719,335047670.967,0.6890197568389058,1128424474.2209973,3864.81883,3867.300783333333,-0.06526397039667486,0.00906000485647637,-0.8721601830686659,0.025670682190685357,中性震荡,趋势信号不充分，适合等待宽度或量能确认
20230829,3790.1067,0.999,262134936.751,0.9027170815124453,1039121412.2769985,3854.4241150000003,3866.105333333333,-0.05199956178100018,0.009532075940482814,-0.8659820035212549,0.007970936543818086,中性震荡,趋势信号不充分，适合等待宽度或量能确认
20230830,3788.5097,-0.0421,226727480.839,0.6011396011396012,985762335.1130003,3845.3548499999997,3865.1763416666668,-0.0456902008743304,0.009485701079855488,-0.8545051287521449,0.006207876411138624,中性震荡,趋势信号不充分，适合等待宽度或量能确认
20230831,3765.2678,-0.6135,193577001.342,0.34112060778727443,829844925.8630022,3833.3690450000004,3864.461423333333,-0.05985444785433469,0.009145708099026999,-0.854903235809166,-0.0018041213429759173,风险收缩,趋势与宽度同步走弱，适合降低仓位或提高防御过滤
20230901,3791.4912,0.6965,172219141.586,0.5199392328142803,747382494.8589991,3821.914645,3864.497246666667,-0.056978855185839894,0.009292847957845239,-0.8786475167221417,-0.01358265054129626,中性震荡,趋势信号不充分，适合等待宽度或量能确认
20230904,3848.9517,1.5155,237934727.924,0.7962013295346628,888506858.2930014,3814.854575,3864.9766633333334,-0.035387464205320796,0.010048866093442695,-0.878916338745782,-0.02115243483050211,修复反弹,宽度改善但趋势仍需确认，适合结合反转与低估值修复
20230905,3820.3174,-0.744,181377877.955,0.30220197418375094,806124026.2489991,3806.8838349999996,3864.703576666667,-0.04005666511932637,0.010128284785823423,-0.8784676200848015,-0.015630271976878163,中性震荡,趋势信号不充分，适合等待宽度或量能确认
20230906,3812.0283,-0.217,166081524.007,0.5340671854241792,773076844.0599984,3799.10699,3864.163508333333,-0.039202103093353036,0.010125320719897453,-0.8757470187430942,-0.019773462857030744,中性震荡,趋势信号不充分，适合等待宽度或量能确认
20230907,3758.4748,-1.4049,164405748.828,0.09070208728652751,768627227.3490013,3788.2449,3862.389631666667,-0.05464217444472785,0.010426019645280811,-0.8700554048634019,-0.006642880777064097,风险收缩,趋势与宽度同步走弱，适合降低仓位或提高防御过滤
20230908,3739.9927,-0.4917,129197657.303,0.5137545057863783,683284312.6500025,3781.031845,3860.322431666667,-0.03713997782534195,0.00930063549329323,-0.8764204492040732,-0.008346567093566737,中性震荡,趋势信号不充分，适合等待宽度或量能确认
20230911,3767.537,0.7365,186871759.441,0.7126327769347496,842346098.3200016,3776.61339,3857.6897249999997,-0.022917855805669185,0.009425606811755569,-0.868664980918948,-0.010570831819302628,中性震荡,趋势信号不充分，适合等待宽度或量能确认
20230912,3760.6048,-0.184,140117510.233,0.38782476768443014,709448036.0400026,3772.316845,3854.3106233333333,-0.02233981605838209,0.009422200384331362,-0.8685100694432005,-0.010663896403046658,风险收缩,趋势与宽度同步走弱，适合降低仓位或提高防御过滤
20230913,3736.6513,-0.637,138238089.913,0.1644225298691447,699391026.8550003,3768.23272,3851.073013333333,-0.021392184203486875,0.009391040780286908,-0.8690032876126575,-0.008285894913448222,风险收缩,趋势与宽度同步走弱，适合降低仓位或提高防御过滤
20230914,3733.5077,-0.0841,151578100.464,0.23568448995070154,666884172.4230009,3763.3530650000002,3847.8941800000002,-0.025473905567820143,0.009334711875026819,-0.8748334232068368,-0.01635537004517229,风险收缩,趋势与宽度同步走弱，适合降低仓位或提高防御过滤
20230915,3708.7766,-0.6624,180398970.938,0.5027488151658768,722637386.3300004,3759.591705,3845.306585,-0.019880318302005873,0.009063795268421118,-0.8766655080877986,0.008131010101821712,中性震荡,趋势信号不充分，适合等待宽度或量能确认
20230918,3727.711,0.5105,156966973.911,0.6438589840788476,699509536.9109992,3759.4995050000007,3843.940165,-0.0004944289600233853,0.008579388658493564,-0.8750885457423241,-0.0035161792317053298,中性震荡,趋势信号不充分，适合等待宽度或量能确认
20230919,3720.5021,-0.1934,135216895.229,0.20735405610310842,636024344.6340009,3757.613255,3841.857976666666,-0.01003797774753945,0.008393977090258534,-0.8894383547526568,-0.007420853223009893,风险收缩,趋势与宽度同步走弱，适合降低仓位或提高防御过滤
20230920,3705.6898,-0.3981,117691805.957,0.20917014020462296,574160814.6630012,3758.06605,3839.6061633333334,0.002449769234654342,0.0075740521132728845,-0.8999112904460067,-0.0014018442666194897,风险收缩,趋势与宽度同步走弱，适合降低仓位或提高防御过滤
20230921,3672.4448,-0.8971,135011796.555,0.20041674559575678,579872251.941999,3755.516825,3837.116185,-0.013692887897723605,0.007641985396482241,-0.9161334180902835,0.004648783284639135,风险收缩,趋势与宽度同步走弱，适合降低仓位或提高防御过滤
20230922,3738.9327,1.8105,192236467.363,0.8744318181818181,766621095.3309985,3757.005875,3835.39087,0.008029059582545406,0.008668231062150996,-0.916238977007129,-0.014497586436899468,中性震荡,趋势信号不充分，适合等待宽度或量能确认
20230925,3714.6037,-0.6507,155793827.362,0.3107366029161144,718914213.6080006,3755.10509,3832.4195633333334,-0.010130443817457202,0.00837256290186879,-0.9482329284460054,-0.015473467600325752,风险收缩,趋势与宽度同步走弱，适合降低仓位或提高防御过滤
20230926,3692.8928,-0.5845,137808437.775,0.28701249526694433,666712088.7979987,3750.244395,3828.9842216666666,-0.025649383432925443,0.008074196724095132,-0.9773282819859542,-0.006863047852350368,风险收缩,趋势与宽度同步走弱，适合降低仓位或提高防御过滤
20230927,3700.495,0.2059,164790435.266,0.5556607345702386,717496284.1089993,3745.84366,3826.179048333333,-0.023232011257619423,0.008106852078494518,-0.9982871976323492,0.0005100398730439881,中性震荡,趋势信号不充分，适合等待宽度或量能确认
20230928,3689.5172,-0.2967,153500421.344,0.7162059825823551,718246636.7149988,3742.05613,3823.62509,-0.02011825028753611,0.008034819921411024,-1.0070060762223956,-0.00707593936680917,中性震荡,趋势信号不充分，适合等待宽度或量能确认
20231009,3684.7272,-0.1298,178072374.748,0.32127981825066265,770970944.3540012,3736.71793,3821.2755633333336,-0.028158841566083614,0.007813940589644831,-1.0051631731739303,-0.015775930440657726,风险收缩,趋势与宽度同步走弱，适合降低仓位或提高防御过滤
20231010,3657.1259,-0.7491,161938958.925,0.35383159886471144,776085020.4849991,3727.12664,3818.155546666667,-0.04983845341577031,0.006873130754796739,-1.0139463934383366,-0.0048464560654036815,风险收缩,趋势与宽度同步走弱，适合降低仓位或提高防御过滤
20231011,3667.5483,0.285,187667554.127,0.4763436790310371,840103301.1950006,3719.4881850000006,3814.7899166666666,-0.03998858838273489,0.006871435817712987,-1.0112916827335956,-0.01553397401746548,中性震荡,趋势信号不充分，适合等待宽度或量能确认
20231012,3702.3824,0.9498,194598219.817,0.628003784295175,833242986.3059994,3714.0058899999995,3812.4390083333333,-0.028763139035457796,0.0073372073214356785,-1.0065910614832232,-0.04560250178371639,中性震荡,趋势信号不充分，适合等待宽度或量能确认
20231013,3663.4104,-1.0526,170152309.003,0.2453651153991676,809862265.4510031,3709.2526700000003,3808.522133333333,-0.025293345055818817,0.007055303797595724,-1.0033694772312418,-0.041715637428992425,风险收缩,趋势与宽度同步走弱，适合降低仓位或提高防御过滤
20231016,3626.5972,-1.0049,159537973.598,0.2883087400681044,814245201.385001,3703.5828950000005,3803.980375,-0.030319711586602738,0.007285007077719561,-0.9931378500473277,-0.04201001423593442,风险收缩,趋势与宽度同步走弱，适合降低仓位或提高防御过滤
20231017,3639.4018,0.3531,147056233.347,0.4149016641452345,736394168.3509996,3697.176135,3800.1841566666667,-0.03401033619576921,0.007086841941427137,-1.0014155935578546,-0.041839733112183475,风险收缩,趋势与宽度同步走弱，适合降低仓位或提高防御过滤
20231018,3610.5767,-0.792,158982356.667,0.09684130887081521,767561615.1959997,3689.67473,3796.111446666667,-0.0398946733248865,0.00722207236220222,-0.9968753336223085,-0.029391177315247097,风险收缩,趋势与宽度同步走弱，适合降低仓位或提高防御过滤
20231019,3533.5445,-2.1335,189194781.844,0.22136105860113423,813602910.5729998,3679.5193900000004,3790.82275,-0.0543552993558698,0.008380113154567468,-0.9879522618146661,-0.005490153017741806,风险收缩,趋势与宽度同步走弱，适合降低仓位或提高防御过滤
20231020,3510.5889,-0.6496,169591289.145,0.25533925533925533,732443959.1689963,3668.37345,3785.6043216666667,-0.05970760419216492,0.008407430418429439,-0.9828302494129384,0.014754276696995028,风险收缩,趋势与宽度同步走弱，适合降低仓位或提高防御过滤
20231023,3474.2438,-1.0353,152054894.179,0.08956916099773243,723033481.7699995,3656.6468100000006,3779.809885,-0.06323724108915052,0.008531528376857356,-0.9827993035258842,0.031525709278088065,风险收缩,趋势与宽度同步走弱，适合降低仓位或提高防御过滤
20231024,3487.1302,0.3709,186529203.442,0.8828198828198828,805316092.8610027,3644.61777,3774.5083716666663,-0.06453847951195779,0.008465221750815476,-0.974532917702213,0.02448299750895444,中性震荡,趋势信号不充分，适合等待宽度或量能确认
20231025,3504.4576,0.4969,203691741.119,0.7589268845645192,874915795.0859982,3633.815545,3767.664076666667,-0.05806864078910212,0.008662117366925402,-0.9558689617527749,0.018995578659590562,中性震荡,趋势信号不充分，适合等待宽度或量能确认
20231026,3514.1448,0.2764,176088467.226,0.5414698658605706,843399632.9630009,3624.238295,3761.1162766666666,-0.05168943174898233,0.00875076198071427,-0.9348340463754258,0.011395119518125663,中性震荡,趋势信号不充分，适合等待宽度或量能确认
20231027,3562.3851,1.3727,224301960.437,0.7648281072912732,966416850.203998,3618.735310000001,3755.450265,-0.029969054946721085,0.009335259857777424,-0.9046343412758711,0.006105824999099507,中性震荡,趋势信号不充分，适合等待宽度或量能确认
20231030,3583.7718,0.6003,242973328.094,0.6939931998488855,1039617369.2740009,3610.977265,3748.6341683333335,-0.041498714325614916,0.008338087952281484,-0.8833058658465809,0.013627151148407401,中性震荡,趋势信号不充分，适合等待宽度或量能确认
20231031,3572.5056,-0.3144,196317658.324,0.38153671889748914,919607362.0270008,3603.87236,3741.265426666667,-0.03825390579350363,0.008277885514253186,-0.8676262420075566,0.013227047145846438,风险收缩,趋势与宽度同步走弱，适合降低仓位或提高防御过滤
20231101,3571.0268,-0.0414,182943566.435,0.5243396226415095,813768194.9380014,3597.77906,3734.1491900000005,-0.03300014557693087,0.008231158294608468,-0.8561371381409265,0.011214001530316153,中性震荡,趋势信号不充分，适合等待宽度或量能确认
20231102,3554.1889,-0.4715,149465055.434,0.1720754716981132,768637547.527001,3590.4637549999998,3727.2207550000003,-0.03953689979313568,0.008210115643040115,-0.852141606757002,0.01649811015953606,风险收缩,趋势与宽度同步走弱，适合降低仓位或提高防御过滤
20231103,3584.1364,0.8426,165865989.2,0.7334967936627688,811378082.2040011,3585.194715,3720.20663,-0.02856221946871529,0.008527354645054707,-0.8448654937239678,0.0006564761318794687,中性震荡,趋势信号不充分，适合等待宽度或量能确认
20231106,3632.6084,1.3524,254465948.11,0.879154078549849,1066239173.0459999,3582.588775,3713.74045,-0.014144547797188323,0.009158609777044496,-0.8217969694919404,-0.014643554752557408,修复反弹,宽度改善但趋势仍需确认，适合结合反转与低估值修复
20231107,3619.7593,-0.3537,190433605.311,0.5393470466125684,995242132.6390022,3580.7204450000004,3707.56722,-0.010217477063067415,0.009045660944696306,-0.8046748050967341,-0.010415305791188989,中性震荡,趋势信号不充分，适合等待宽度或量能确认
20231108,3611.0723,-0.24,192594372.353,0.44850999622783855,1040115868.3919994,3577.896645,3701.4228883333335,-0.01539884287277149,0.009020252704858745,-0.78904835326501,-0.0010597683131406965,中性震荡,趋势信号不充分，适合等待宽度或量能确认
20231109,3612.8263,0.0486,189355228.592,0.28258819090737597,965166171.2029985,3573.4188400000007,3695.510573333333,-0.024188776394356237,0.008701532117670663,-0.7787415444320925,-0.011199597389999205,中性震荡,趋势信号不充分，适合等待宽度或量能确认
20231110,3586.4893,-0.729,166924677.328,0.4056959637872501,830185685.3719991,3569.5727850000003,3689.023451666667,-0.020997128795616216,0.008547454074355101,-0.7771537294917514,-0.005136164772609364,中性震荡,趋势信号不充分，适合等待宽度或量能确认
20231113,3579.4141,-0.1973,164821249.625,0.7352941176470589,871142405.9089992,3567.2136299999997,3683.94279,-0.01301029516043306,0.008285491278203863,-0.7727085016827492,-0.000863493273941085,修复反弹,宽度改善但趋势仍需确认，适合结合反转与低估值修复
20231114,3582.0584,0.0739,165935163.426,0.5641025641025641,896475060.138999,3564.3464599999998,3679.378661666667,-0.015756270714599396,0.008235210691208052,-0.7602018058297794,-0.00027665657265663057,中性震荡,趋势信号不充分，适合等待宽度或量能确认
20231115,3607.2454,0.7031,188932150.501,0.6302093154818027,993575588.8959976,3564.1798949999998,3675.3904899999998,-0.000922650389894808,0.008229786712171238,-0.7425439330130129,-0.017417500899716942,修复反弹,宽度改善但趋势仍需确认，适合结合反转与低估值修复
20231116,3572.3641,-0.967,146629217.158,0.1794871794871795,853846874.6660002,3566.1208749999996,3671.2909950000003,0.010986022674965623,0.006953585111984793,-0.7393997787469587,-0.0030354408723343163,中性震荡,趋势信号不充分，适合等待宽度或量能确认
20231117,3568.0685,-0.1202,139621898.705,0.6999057492931197,829119751.3860006,3568.994855,3666.907123333333,0.0163732073556091,0.0067687606052894075,-0.731846755296763,-0.008424670098121756,中性震荡,趋势信号不充分，适合等待宽度或量能确认
20231120,3576.3233,0.2314,157449634.694,0.7392123610325985,931331440.3120008,3574.09883,3663.4457816666672,0.029381789499055788,0.006238768611979104,-0.7155729877959586,-0.018001979854561867,修复反弹,宽度改善但趋势仍需确认，适合结合反转与低估值修复
20231121,3581.0674,0.1327,175922105.93,0.3269919005462422,1008524043.8360003,3578.79569,3660.9709883333335,0.026938254269943673,0.006216417757226136,-0.6996968890975871,-0.01746523955399437,中性震荡,趋势信号不充分，适合等待宽度或量能确认
20231122,3544.4162,-1.0235,136041195.539,0.220422004521477,888626479.5400023,3580.7936200000004,3657.407473333333,0.011402220988491862,0.006663853197898309,-0.6986257096552002,-0.01583022332422479,风险收缩,趋势与宽度同步走弱，适合降低仓位或提高防御过滤
20231123,3561.5204,0.4826,141499811.491,0.7856873822975518,839826451.4420018,3583.1624,3655.1555816666664,0.013481402359970973,0.0067150295678311215,-0.698904872858325,-0.018339807909004247,中性震荡,趋势信号不充分，适合等待宽度或量能确认
20231124,3538.0087,-0.6602,140101998.555,0.21581920903954802,830762110.7570018,3581.9435800000006,3652.0652383333336,-0.006842718941307058,0.006152946902176861,-0.7095032181594264,-0.01558147666510823,风险收缩,趋势与宽度同步走弱，适合降低仓位或提高防御过滤
20231127,3511.9424,-0.7368,155975437.036,0.4791039156626506,859223903.6139988,3578.3521100000007,3648.778416666667,-0.02004296144079265,0.006155513953198571,-0.7235968815796722,-0.014750925299913842,中性震荡,趋势信号不充分，适合等待宽度或量能确认
20231128,3518.5232,0.1874,147740535.862,0.7,795553681.3540032,3575.65299,3644.8768133333338,-0.015110515152166548,0.006165522561663067,-0.7332888669021512,-0.03531768669309909,中性震荡,趋势信号不充分，适合等待宽度或量能确认
20231129,3488.3073,-0.8588,155948235.976,0.23060993975903615,792807353.4670016,3571.517015,3639.8468233333333,-0.023164065864753614,0.0064086713029401126,-0.7349264818989948,-0.025430471678914324,风险收缩,趋势与宽度同步走弱，适合降低仓位或提高防御过滤
20231130,3496.2028,0.2263,153790180.653,0.29310993975903615,785731926.2130004,3568.61771,3634.975041666666,-0.01631486159894313,0.00639440338173284,-0.7335909433932221,-0.03000984382256089,风险收缩,趋势与宽度同步走弱，适合降低仓位或提高防御过滤
20231201,3482.8813,-0.381,176078323.469,0.5633113828786454,844863880.181999,3563.5549549999996,3630.2686000000003,-0.028250905852801766,0.006040520049779814,-0.7309747867362525,-0.023951289985105095,中性震荡,趋势信号不充分，适合等待宽度或量能确认
20231204,3460.138,-0.653,164664395.293,0.437794089968003,859116634.9629999,3554.931435,3624.7460466666666,-0.04747839045904323,0.005006147469247682,-0.7471567217515188,-0.011757681341033166,风险收缩,趋势与宽度同步走弱，适合降低仓位或提高防御过滤
20231205,3394.2571,-1.904,164840691.112,0.12248353715898401,838515327.9509993,3543.656325,3617.167803333333,-0.06229756768633765,0.006237461765183601,-0.7594013716678658,0.00958851938469829,风险收缩,趋势与宽度同步走弱，适合降低仓位或提高防御过滤
20231206,3399.598,0.1574,172142987.725,0.6117381489841986,831797558.0230004,3533.08261,3610.155813333333,-0.05856274326049904,0.006326672507097182,-0.7756767292029806,-0.008822513720739944,中性震荡,趋势信号不充分，适合等待宽度或量能确认
20231207,3391.2823,-0.2446,160949948.197,0.3654497553631916,834500114.0370008,3522.0054099999993,3603.1433800000004,-0.06132151994132695,0.006275568961832912,-0.7858853219777266,-0.011593962555107695,风险收缩,趋势与宽度同步走弱，适合降低仓位或提高防御过滤
20231208,3399.4618,0.2412,203034222.561,0.2760955425992101,976732206.2570015,3512.6540349999996,3597.1598299999996,-0.052147792550224614,0.006312788194380878,-0.7744360306566433,-0.017035078905725642,风险收缩,趋势与宽度同步走弱，适合降低仓位或提高防御过滤
20231211,3419.4548,0.5881,219761181.423,0.7421963144039112,923063894.419999,3504.65607,3591.817531666667,-0.04468868242989821,0.0065954343303810834,-0.7703795423538385,-0.026346042064951503,中性震荡,趋势信号不充分，适合等待宽度或量能确认
20231212,3426.803,0.2149,166979964.78,0.5878924609889077,798304040.5789988,3496.8933000000006,3586.1386316666667,-0.04334250943535711,0.006636617755638157,-0.7780493839539149,-0.027069487215926835,中性震荡,趋势信号不充分，适合等待宽度或量能确认
20231213,3369.605,-1.6691,165455928.376,0.2986280774290547,784899897.1700009,3485.01128,3579.6219683333334,-0.0658786341511447,0.007010782103261515,-0.7943526627473729,-0.02139799768815631,风险收缩,趋势与宽度同步走弱，适合降低仓位或提高防御过滤
20231214,3351.9639,-0.5235,150245775.736,0.3905692278790156,758085303.533002,3473.99127,3573.2105116666667,-0.06169589488372684,0.006870039816460064,-0.8018342605270073,-0.006293057034415073,风险收缩,趋势与宽度同步走弱，适合降低仓位或提高防御过滤
20231215,3341.5517,-0.3106,164907019.372,0.30603043396580876,748549018.1639985,3462.66543,3566.677911666666,-0.06348443142277116,0.006854713260707125,-0.8081290383971408,-0.0012938899015090266,风险收缩,趋势与宽度同步走弱，适合降低仓位或提高防御过滤
20231218,3329.3657,-0.3647,142303319.419,0.16231448431335713,709437858.466002,3450.3175499999998,3560.354396666667,-0.06905348853667681,0.006728431308943936,-0.8254649959176004,0.005431995650102328,风险收缩,趋势与宽度同步走弱，适合降低仓位或提高防御过滤
20231219,3334.0412,0.1404,135293655.396,0.5123097162187559,658571288.3270005,3437.96624,3553.793233333333,-0.06898116466615511,0.006731420305007654,-0.8528058773130898,-0.0027747107624225276,中性震荡,趋势信号不充分，适合等待宽度或量能确认
20231220,3297.5022,-1.0959,141290542.802,0.22727272727272727,681936034.8109992,3425.62054,3546.7432350000004,-0.06966281217200176,0.006771152777176883,-0.8689540540196773,0.01178316120607903,风险收缩,趋势与宽度同步走弱，适合降低仓位或提高防御过滤
20231221,3330.8698,1.0119,171120780.58,0.6657276995305165,755242730.4999989,3414.0880100000004,3540.4962349999996,-0.06476183598442953,0.007206540430672355,-0.8755623559857552,0.025119714976550522,中性震荡,趋势信号不充分，适合等待宽度或量能确认
20231222,3337.2281,0.1909,167336342.309,0.21145539906103286,792680881.421999,3404.0489800000005,3534.90929,-0.056749606070782166,0.007253512887510584,-0.8785375415165229,0.028131670112690355,风险收缩,趋势与宽度同步走弱，适合降低仓位或提高防御过滤
20231225,3347.4508,0.3063,121838327.071,0.38422535211267606,623640552.1430005,3395.8244,3528.3845916666664,-0.046837784127666704,0.007289666618919245,-0.8969430444592046,0.011621201422885585,风险收缩,趋势与宽度同步走弱，适合降低仓位或提高防御过滤
20231226,3324.7902,-0.677,121689997.435,0.15599774732494837,628195946.0359974,3386.1377499999994,3521.8877,-0.05506088463478087,0.007281019045962047,-0.910018260813172,0.016093316203831476,风险收缩,趋势与宽度同步走弱，适合降低仓位或提高防御过滤
20231227,3336.3572,0.3479,140924923.675,0.706081081081081,652876099.3300041,3378.540245,3515.9454400000004,-0.04355983774709293,0.007276343902047816,-0.920950718874024,0.0032055020967178827,中性震荡,趋势信号不充分，适合等待宽度或量能确认
20231228,3414.5403,2.3434,245855634.464,0.8321441982726249,902737973.1620009,3374.45712,3511.1795283333336,-0.023357483724914307,0.009235724004503424,-0.9118093464978163,-0.025019151187057442,修复反弹,宽度改善但趋势仍需确认，适合结合反转与低估值修复
20231229,3431.1099,0.4853,193573180.515,0.811033965096641,841570440.5120001,3371.86855,3506.8727400000002,-0.014864531846089601,0.00930679543511471,-0.9120666542114525,-0.04227597023342211,修复反弹,宽度改善但趋势仍需确认，适合结合反转与低估值修复
20240102,3386.3522,-1.3045,184096097.449,0.5398761493713642,810412077.785999,3368.17926,3501.899823333333,-0.021324525206798173,0.009629711254794213,-0.9158718121941617,-0.02771501440399482,中性震荡,趋势信号不充分，适合等待宽度或量能确认
20240103,3378.2971,-0.2379,165099018.643,0.3696060037523452,756647301.058999,3367.3812599999997,3497.2526766666665,-0.004702059841017903,0.008662018373417768,-0.9222679441808389,-0.029946478064347803,中性震荡,趋势信号不充分，适合等待宽度或量能确认
20240104,3347.0519,-0.9249,165512262.699,0.35196998123827394,690224320.8759983,3364.753955,3491.91107,-0.015456562805367002,0.0088806655194835,-0.9333286860229248,-0.015350882369048469,风险收缩,趋势与宽度同步走弱，适合降低仓位或提高防御过滤
20240105,3329.1114,-0.536,182251664.948,0.09489872468117029,754815243.4489999,3361.6454099999996,3485.6898866666666,-0.018332564056964595,0.008933853773931395,-0.9395542537930446,-0.013500509475291134,风险收缩,趋势与宽度同步走弱，适合降低仓位或提高防御过滤
20240108,3286.0564,-1.2933,170761644.873,0.072768192048012,670566481.9920002,3355.97514,3479.400653333333,-0.033359810073465224,0.009287545046646459,-0.9634741704752786,-0.0015632415803940036,风险收缩,趋势与宽度同步走弱，适合降低仓位或提高防御过滤
20240109,3292.4994,0.1961,172276323.045,0.6468492123030758,687287583.6769996,3349.6273699999997,3473.8323566666663,-0.03712738065729071,0.009160637297002864,-0.9818947488145298,0.0025442069936292278,中性震荡,趋势信号不充分，适合等待宽度或量能确认
20240110,3277.129,-0.4668,159777649.838,0.2459692538432696,657043302.4429983,3342.14367,3467.794476666667,-0.043677445128885384,0.009130785283227397,-0.9929310759370242,-0.014661308724801536,风险收缩,趋势与宽度同步走弱，适合降低仓位或提高防御过滤
20240111,3295.6717,0.5658,180978533.6,0.8377061469265368,722319097.4879997,3338.4470049999995,3462.54606,-0.021941236435724654,0.008615865006944274,-0.9978203479739077,-0.006354728840254342,中性震荡,趋势信号不充分，适合等待宽度或量能确认
20240112,3284.1667,-0.3491,156536022.3,0.26289143071441967,689437658.4670023,3335.057145,3458.3897633333336,-0.020226112817026465,0.00858027245214619,-1.0031836065631972,-0.004381750780190319,风险收缩,趋势与宽度同步走弱，适合降低仓位或提高防御过滤
20240115,3280.9195,-0.0989,144331722.4,0.3732658417697788,619081940.7509986,3332.0255349999998,3454.56194,-0.01814492350963781,0.00856578865361483,-1.0132985262271985,-0.018902597274940702,风险收缩,趋势与宽度同步走弱，适合降低仓位或提高防御过滤
20240116,3300.8762,0.6083,175650587.5,0.30603448275862066,697534905.6649978,3330.60106,3451.67248,-0.008557035353610964,0.00867598311253897,-1.0142284723861166,-0.020886363444954537,风险收缩,趋势与宽度同步走弱，适合降低仓位或提高防御过滤
20240117,3229.082,-2.175,173516385.2,0.05247376311844078,649458707.206,3325.3530999999994,3447.3716766666666,-0.0314810746789812,0.009884124255400046,-1.0149404142003011,0.014873236418276203,风险收缩,趋势与宽度同步走弱，适合降低仓位或提高防御过滤
20240118,3274.7286,1.4136,256784536.8,0.31279265780108634,877203934.593999,3324.2144200000002,3443.54286,-0.0069063183642454895,0.010214374791649208,-0.9996846506600254,0.020823191271484465,风险收缩,趋势与宽度同步走弱，适合降低仓位或提高防御过滤
20240119,3269.7763,-0.1512,191261807.1,0.1955422363738528,680584729.2019995,3321.159745,3439.470051666666,-0.0183416055469956,0.009916906627794294,-1.005517482453974,0.0195869668515245,风险收缩,趋势与宽度同步走弱，适合降低仓位或提高防御过滤
20240122,3218.9016,-1.5559,225510031.8,0.02753324592620341,805443186.8359984,3315.2434200000002,3433.7453266666666,-0.035456521536541,0.0104151944777891,-1.0045203973527306,0.026424790369484974,风险收缩,趋势与宽度同步走弱，适合降低仓位或提高防御过滤
20240123,3231.9329,0.4048,193791168.6,0.5577823562464881,713452115.9289992,3309.467525,3427.881345,-0.03450921519145267,0.010441461707440989,-0.9975036578792982,0.004055096564659522,中性震荡,趋势信号不充分，适合等待宽度或量能确认
20240124,3277.1089,1.3978,219036341.6,0.7522471910112359,777494907.4829997,3307.0834600000003,3422.9580666666666,-0.01434114549543597,0.010930750328961337,-0.9858393256712118,-0.01884499474521595,中性震荡,趋势信号不充分，适合等待宽度或量能确认
20240125,3342.9189,2.0082,265521115.0,0.9148099606815203,903490861.195998,3307.411545,3419.156268333333,0.0019667258649644914,0.011853546002598947,-0.9662594584683639,-0.037454692663947076,修复反弹,宽度改善但趋势仍需确认，适合结合反转与低估值修复
20240126,3333.8213,-0.2721,238144899.5,0.4017222014226881,839736497.6000017,3303.375595,3415.483475,-0.02363978542001688,0.010518940713536564,-0.9711815967969395,-0.04625133926644487,高波动分化,波动抬升且赚钱效应不足，适合降低换手并控制回撤
20240129,3303.9604,-0.8957,244698013.6,0.09096013475575519,815319676.1159976,3297.0181199999997,3410.813875,-0.03705783367650217,0.010557841418937125,-0.9732324994533512,-0.03133772426570247,高波动分化,波动抬升且赚钱效应不足，适合降低换手并控制回撤
20240130,3245.0387,-1.7834,199592929.912,0.058581321355043986,671403738.2260035,3289.9524450000004,3404.3543799999998,-0.04173030200461714,0.010875035708637674,-0.9840928526440722,0.020540124837340024,高波动分化,波动抬升且赚钱效应不足，适合降低换手并控制回撤
20240131,3215.3518,-0.9148,215333349.921,0.09169161676646706,767430665.452998,3281.8051800000003,3397.614255,-0.04823296920806641,0.01098980526636359,-0.9832503769604276,0.039895634437264293,高波动分化,波动抬升且赚钱效应不足，适合降低换手并控制回撤
20240201,3217.7109,0.0734,203815063.233,0.20677395209580837,711179685.6159997,3275.33813,3391.058231666667,-0.038643260954513425,0.01088914839636259,-0.9816131898460635,0.04575264981077076,高波动分化,波动抬升且赚钱效应不足，适合降低换手并控制回撤
20240202,3179.6276,-1.1836,234495151.557,0.07277829747427503,814404913.1819986,3267.86394,3383.8382533333333,-0.04490201199034671,0.011091451910733024,-0.9769576068654505,0.0705051748827441,高波动分化,波动抬升且赚钱效应不足，适合降低换手并控制回撤
20240205,3200.4218,0.654,279713141.507,0.07990269461077844,885322957.028995,3263.5822099999996,3377.4037949999997,-0.026059990936248,0.010956891476373964,-0.9601792525862862,0.06575145813592442,高波动分化,波动抬升且赚钱效应不足，适合降低换手并控制回撤
20240206,3311.6922,3.4767,285042020.946,0.7165575304022451,936287603.8469976,3264.54185,3372.9417633333333,0.0058292493538494305,0.01360138336657155,-0.9407255408729996,0.04383834343058801,修复反弹,宽度改善但趋势仍需确认，适合结合反转与低估值修复
20240207,3343.6303,0.9644,297997664.575,0.41358024691358025,1033534462.754002,3267.8669149999996,3368.9679616666667,0.020292548752276707,0.013698071749175903,-0.9113112842384392,0.0427811651306067,高波动分化,波动抬升且赚钱效应不足，适合降低换手并控制回撤
20240208,3364.9297,0.637,270239765.211,0.8982797307404637,1025329726.2699995,3271.329815,3364.9293666666663,0.02101483591341946,0.013711476175546964,-0.8876378668051302,0.03709197847432,修复反弹,宽度改善但趋势仍需确认，适合结合反转与低估值修复
20240219,3403.8078,1.1554,267674145.147,0.7961854899027674,965012140.4360025,3277.31187,3362.1200949999998,0.03642966722730612,0.013856590982956505,-0.8661079628151498,0.014557431826791145,修复反弹,宽度改善但趋势仍需确认，适合结合反转与低估值修复
20240220,3410.8542,0.207,218459281.946,0.6694091249065071,798776265.1430032,3283.8086049999997,3359.499856666667,0.03960313564535811,0.013840114621917447,-0.8520689214494134,0.024607677455107835,修复反弹,宽度改善但趋势仍需确认，适合结合反转与低估值修复
20240221,3456.8713,1.3491,291823544.608,0.7677636499626028,990258995.785,3291.6083599999997,3357.50899,0.047258694524805245,0.014051700721916804,-0.8291991640219206,-0.0019125675867655012,中性震荡,趋势信号不充分，适合等待宽度或量能确认
20240222,3486.6747,0.8621,225098128.873,0.8571428571428571,830951224.3160018,3304.4879950000004,3355.935778333333,0.07977273417026898,0.012897614539707794,-0.8150196346244284,0.008434368712401108,中性震荡,趋势信号不充分，适合等待宽度或量能确认
20240223,3489.7416,0.088,232926057.114,0.8228913409388442,930378748.7960014,3315.238645,3355.024535,0.06565826554298271,0.012684015715594622,-0.8108652273067618,0.013772423723292349,中性震荡,趋势信号不充分，适合等待宽度或量能确认
20240226,3453.3585,-1.0426,238951637.715,0.6898615787504676,997781643.3009995,3324.417755,3353.2218366666666,0.056145186445935025,0.013012876147377618,-0.7860834729960063,0.02534057787513233,中性震荡,趋势信号不充分，适合等待宽度或量能确认
20240227,3494.7874,1.1997,244488721.251,0.9409014400598467,1003067749.4119996,3338.212045,3352.5014816666667,0.0857080564376369,0.012409880756030573,-0.7706435896369881,0.020237826197954112,中性震荡,趋势信号不充分，适合等待宽度或量能确认
20240228,3450.2598,-1.2741,328300591.256,0.05049560501215635,1371649899.845999,3349.1283900000003,3351.4734383333334,0.06755304232956072,0.012975156148864962,-0.7192203410368333,0.029211800224435258,高波动分化,波动抬升且赚钱效应不足，适合降低换手并控制回撤
20240229,3516.0826,1.9078,281971899.288,0.9773704881241818,1063696978.6880007,3361.077075,3351.4327616666665,0.07292211131586135,0.013242295005024076,-0.6968601316634911,0.0038784356203691583,趋势上行,趋势和宽度共振，适合提高权益暴露并强化动量类信号
20240301,3537.8038,0.6178,288575619.225,0.6587509349289454,1065916286.9210011,3370.82132,3352.2577033333337,0.05829782469446099,0.012685195179561369,-0.6841702635871558,0.0020086190195172104,趋势上行,趋势和宽度共振，适合提高权益暴露并强化动量类信号
20240304,3540.8686,0.0866,297719931.809,0.3894913986537023,1086265623.261001,3381.173685,3353.0021333333334,0.06210509843464007,0.012626553853812823,-0.6649095963138625,0.013667522144142907,高波动分化,波动抬升且赚钱效应不足，适合降低换手并控制回撤
20240305,3565.5143,0.696,299895929.709,0.17464472700074796,1075854204.0209951,3394.25138,3354.37935,0.07916375147837718,0.012325140093754267,-0.6445547240782667,0.00896914086138989,高波动分化,波动抬升且赚钱效应不足，适合降低换手并控制回撤
20240306,3551.0481,-0.4057,248294165.707,0.6432846988402544,939711838.831,3409.55185,3355.8945183333335,0.0943006935479691,0.011397302526646136,-0.6235925232079798,0.006001861816515408,趋势上行,趋势和宽度共振，适合提高权益暴露并强化动量类信号
20240307,3529.7195,-0.6006,251839533.036,0.2837635615413393,989742746.6950024,3425.270235,3358.152225,0.09777085667577667,0.01121839798551673,-0.6062238694387546,0.009208493762748127,高波动分化,波动抬升且赚钱效应不足，适合降低换手并控制回撤
20240308,3544.9099,0.4304,225379101.014,0.678511314755938,866693949.0009999,3441.6301849999995,3360.57409,0.10168688554338434,0.011179729567419073,-0.5940739521611158,0.007075807483851726,趋势上行,趋势和宽度共振，适合提高权益暴露并强化动量类信号
20240311,3589.2635,1.2512,286418582.155,0.8387579498690609,1012526414.0940013,3462.11198,3363.8737766666663,0.12883140780385727,0.010568934541055341,-0.5785952443268176,0.003974213651352088,趋势上行,趋势和宽度共振，适合提高权益暴露并强化动量类信号
20240312,3597.4939,0.2293,339997042.337,0.6918474195961107,1151779452.7369971,3481.9655849999995,3367.1743116666667,0.12406867744745398,0.010602875191456593,-0.5577777044402865,-0.0055215104047848795,趋势上行,趋势和宽度共振，适合提高权益暴露并强化动量类信号
20240313,3572.361,-0.6986,266898756.38,0.41813084112149534,1060743789.1740019,3494.999025,3369.722748333333,0.0787116628773652,0.008531794747017474,-0.5480542724958473,0.003645432250548142,中性震荡,趋势信号不充分，适合等待宽度或量能确认
20240314,3562.2229,-0.2838,263803609.335,0.29121495327102803,1013201616.034999,3505.9286549999997,3371.9797466666664,0.06537582818291865,0.008540641845917843,-0.5496428239269349,0.005296496185008381,中性震荡,趋势信号不充分，适合等待宽度或量能确认
20240315,3569.993,0.2181,243991558.366,0.8212750046737708,953826372.8750004,3516.1818200000002,3375.3195466666666,0.06094133259307011,0.008510270542506746,-0.5552291914401983,-0.007000209804332913,趋势上行,趋势和宽度共振，适合提高权益暴露并强化动量类信号
20240318,3603.528,0.9394,295314840.611,0.8580777860882572,1145341817.0240002,3526.16783,3379.5122816666667,0.058675522160798854,0.008409047183543244,-0.541140511691104,-0.021580129251111635,趋势上行,趋势和宽度共振，适合提高权益暴露并强化动量类信号
20240319,3577.6303,-0.7187,259553448.413,0.3257943925233645,1084943446.8540018,3534.506635,3383.4469250000006,0.04889569891319301,0.008705975554617317,-0.5187830281414694,-0.009470961826323898,中性震荡,趋势信号不充分，适合等待宽度或量能确认
20240320,3585.3838,0.2167,223752103.886,0.7245374696318445,1005692770.5469974,3540.93226,3387.713893333333,0.037175957346170296,0.008307546262723982,-0.5175772282195948,-0.023037198974346973,修复反弹,宽度改善但趋势仍需确认，适合结合反转与低估值修复
20240321,3581.0902,-0.1198,233162492.63,0.4128200336385722,1074201835.7889965,3545.6530349999994,3391.831376666667,0.02707895290604534,0.008175993072547854,-0.49857270257158287,-0.016789691586098554,中性震荡,趋势信号不充分，适合等待宽度或量能确认
20240322,3545.0023,-1.0077,248850931.022,0.17267800411138104,1103115013.786999,3548.41607,3395.9563783333333,0.01583518390014893,0.008568166639480896,-0.48507727594763905,-0.0021207320514291528,中性震荡,趋势信号不充分，适合等待宽度或量能确认
20240325,3525.7634,-0.5427,233747256.235,0.13695814648729446,1049304743.4650013,3552.036315,3399.204605,0.020966517087640968,0.008291274586267643,-0.4810519126706359,0.01982072875338159,中性震荡,趋势信号不充分，适合等待宽度或量能确认
20240326,3543.7467,0.5101,226730734.844,0.47225854660937794,960999332.9600011,3554.4842799999997,3402.646581666667,0.014009235583257507,0.007949320418635827,-0.48433860656460814,0.010420947975768202,中性震荡,趋势信号不充分，适合等待宽度或量能确认
20240327,3502.7866,-1.1558,216404726.566,0.1099906629318394,894542589.1209983,3557.1106199999995,3405.2355116666668,0.015224012985920687,0.007847613206221694,-0.5216137363931477,0.018561364828791005,中性震荡,趋势信号不充分，适合等待宽度或量能确认
20240328,3520.9648,0.519,232530806.335,0.8541822255414488,937413651.4130015,3557.35473,3408.505088333333,0.0013885339326213941,0.006669844781621342,-0.5314799180959651,0.0043859853412906435,中性震荡,趋势信号不充分，适合等待宽度或量能确认
20240329,3537.4843,0.4692,201749384.357,0.7236743838685586,863396040.3680025,3557.3387549999998,3411.8572066666666,-9.031026536865383e-05,0.006606445403330697,-0.5473022882702966,-0.0011299555449617582,中性震荡,趋势信号不充分，适合等待宽度或量能确认
20240401,3595.6466,1.6442,251637272.845,0.8678611422172452,1003859830.2909997,3560.077655,3414.875645,0.01547021541550575,0.007560986511561503,-0.5537404344955408,-0.02529113956861062,修复反弹,宽度改善但趋势仍需确认，适合结合反转与低估值修复
20240402,3580.6759,-0.4164,220207515.543,0.4254525097966038,972701002.0860008,3560.8357349999997,3417.368411666667,0.004252289774858031,0.007492418153921992,-0.5617995208015408,-0.021345467206345003,中性震荡,趋势信号不充分，适合等待宽度或量能确认
20240403,3567.8031,-0.3595,214222897.58,0.32941396043299737,922640499.9369972,3561.6734850000003,3420.392593333333,0.004718325274163382,0.0074791714480764325,-0.5631332592694216,-0.025776142186770268,中性震荡,趋势信号不充分，适合等待宽度或量能确认
20240408,3536.4077,-0.88,243249251.687,0.14866629360193995,935955443.2850025,3562.007895,3423.02777,0.0018948247870687052,0.007627006906432841,-0.5673355187457816,0.0035822227171373733,中性震荡,趋势信号不充分，适合等待宽度或量能确认
20240409,3533.4871,-0.0826,195893525.575,0.7769488996643044,799806628.6850004,3561.436755,3426.1350233333337,-0.0032223103893276317,0.007564992831050473,-0.5725612478273027,-0.006331564080140573,中性震荡,趋势信号不充分，适合等待宽度或量能确认
20240410,3504.7086,-0.8145,199754768.626,0.17493472584856398,837476212.9170023,3557.20901,3429.0616433333334,-0.02355772987968152,0.007146063056465156,-0.5862374561534115,0.017317959045154208,中性震荡,趋势信号不充分，适合等待宽度或量能确认
20240411,3504.2447,-0.0132,200293481.886,0.49878799179563676,817935639.6259999,3552.5465500000005,3432.698115,-0.02592059989316442,0.007104713628368171,-0.6123197885688532,0.018707911579348258,中性震荡,趋势信号不充分，适合等待宽度或量能确认
20240412,3475.8389,-0.8106,208566204.703,0.2832369942196532,814655656.6090015,3547.720445,3435.7537733333334,-0.027019133844535803,0.007156210416107727,-0.6315460022202103,0.018937298848919593,中性震荡,趋势信号不充分，适合等待宽度或量能确认
20240415,3549.0759,2.107,267472484.531,0.22916278202498602,1002048699.7329978,3547.0630950000004,3440.2862216666667,-0.00369067303452586,0.008719670224343634,-0.6324173500150957,-0.005120037021468016,中性震荡,趋势信号不充分，适合等待宽度或量能确认
20240416,3511.1146,-1.0696,253315972.272,0.05202312138728324,952064897.7910025,3544.1191750000007,3443.8769366666666,-0.01649258135800269,0.009009184506895826,-0.6325549693954109,-0.0013926346921286914,中性震荡,趋势信号不充分，适合等待宽度或量能确认
20240417,3565.403,1.5462,244987812.753,0.9593435285341291,923872152.550002,3542.212925,3448.5642083333328,-0.010579909466500559,0.009461148579088318,-0.6498578073749981,-0.01227942535528237,修复反弹,宽度改善但趋势仍需确认，适合结合反转与低估值修复
20240418,3569.8018,0.1234,261329927.268,0.3948890132437978,955560896.1929975,3541.8214999999996,3453.3789133333335,-0.0021881802599893474,0.009333928055830285,-0.6599661231878663,-0.011070782697235493,中性震荡,趋势信号不充分，适合等待宽度或量能确认
20240419,3541.6619,-0.7883,226229520.121,0.3144243328979287,865338692.3879993,3539.635405,3457.3920083333337,-0.01219448249863797,0.009476673397235373,-0.6709316153690522,0.012030143249980974,中性震荡,趋势信号不充分，适合等待宽度或量能确认
20240422,3530.9045,-0.3037,229511183.118,0.3590892123926838,825853260.5450006,3537.12612,3462.422383333333,-0.01401408431432416,0.009491994699872677,-0.6903344314166321,0.026341097585618645,中性震荡,趋势信号不充分，适合等待宽度或量能确认
20240423,3506.2249,-0.699,213257232.211,0.6040694418517827,779321208.0309991,3535.18725,3466.280655,-0.010938610674526172,0.009354929449807712,-0.7156315833904536,0.027998603284119072,中性震荡,趋势信号不充分，适合等待宽度或量能确认
20240424,3521.6219,0.4391,195299919.746,0.7829413960432997,799326664.8240027,3534.9801749999997,3470.4780816666666,-0.0011746392284858187,0.009340839878215471,-0.7351617082201755,0.03869092249795458,中性震荡,趋势信号不充分，适合等待宽度或量能确认
20240425,3530.2813,0.2459,184524622.001,0.5486461251167134,778028921.6089989,3534.306905,3475.667743333333,-0.0037997636794977474,0.009283159053257651,-0.7494567015782231,0.03646346822277291,中性震荡,趋势信号不充分，适合等待宽度或量能确认
20240426,3584.2686,1.5293,308045062.251,0.7355031799476244,1091130576.3010006,3538.381005,3481.5400050000003,0.023262050848316118,0.009485769563345878,-0.7340978031079177,0.012821221043534559,修复反弹,宽度改善但趋势仍需确认，适合结合反转与低估值修复
20240429,3623.9124,1.106,358709708.838,0.845793516957092,1216893746.0130014,3543.5283850000005,3487.320063333333,0.02923846327574764,0.009704281061425625,-0.7122627639531474,0.011216772237651274,修复反弹,宽度改善但趋势仍需确认，适合结合反转与低估值修复
20240430,3604.3943,-0.5386,286674161.758,0.3637049613280513,1035607811.4960002,3546.8738849999995,3491.677986666667,0.018914571578452,0.009790346112162524,-0.6988083146447845,0.017168709871725252,中性震荡,趋势信号不充分，适合等待宽度或量能确认
20240506,3657.8767,1.4838,333270472.13,0.8451890677648821,1107152247.4369998,3549.9853900000003,3497.0789099999997,0.017307067941549015,0.009662812898339672,-0.6907383518232758,0.0018628293293758702,修复反弹,宽度改善但趋势仍需确认，适合结合反转与低估值修复
20240507,3659.0076,0.0309,247368347.983,0.5623362036690378,973066357.2949984,3553.9019749999998,3502.996363333333,0.021876232920158944,0.009590885354973369,-0.6907098075890064,-0.000536265625684984,趋势上行,趋势和宽度共振，适合提高权益暴露并强化动量类信号
20240508,3630.2233,-0.7867,199923460.35,0.18314606741573033,868784154.0479981,3557.0229849999996,3509.4161066666666,0.017495416156794175,0.009747833171506013,-0.6949174611712845,-0.0011479734593737856,中性震荡,趋势信号不充分，适合等待宽度或量能确认
20240509,3664.561,0.9459,232694927.941,0.8028459090058041,905857068.8489996,3563.43065,3516.9029266666666,0.03623827083059461,0.00964482682352463,-0.6972689674037614,-0.006604283569027869,修复反弹,宽度改善但趋势仍需确认，适合结合反转与低估值修复
20240510,3666.2771,0.0468,233730562.075,0.2557573488110841,916763470.4599999,3570.0701500000005,3524.3790299999996,0.0375804400134927,0.009630433570955606,-0.6881314392974026,0.0031892024746302816,中性震荡,趋势信号不充分，适合等待宽度或量能确认
20240513,3664.6907,-0.0433,249688465.073,0.2104868913857678,913436077.5969986,3578.069255,3532.463415,0.045647760843797514,0.009358047699780011,-0.6821968963674214,0.007168845108810995,中性震荡,趋势信号不充分，适合等待宽度或量能确认
20240514,3657.0454,-0.2086,214643548.214,0.6490735541830432,827605127.1529993,3585.70929,3540.0738083333335,0.04360446061315293,0.009394636398115217,-0.6814414449315662,0.005227088512491429,趋势上行,趋势和宽度共振，适合提高权益暴露并强化动量类信号
20240515,3626.0559,-0.8474,191480969.435,0.24812874251497005,764084671.0429986,3593.2201400000004,3545.3132033333336,0.04321748053397978,0.00941616273888513,-0.685392422018179,0.016104302197878395,中性震荡,趋势信号不充分，适合等待宽度或量能确认
20240516,3640.3592,0.3945,240288953.464,0.5283548568220101,850456264.6299995,3597.7843049999997,3550.258685,0.02572030088170285,0.008320949436750926,-0.6972359372451878,0.00039350512443947494,中性震荡,趋势信号不充分，适合等待宽度或量能确认
20240517,3677.9696,1.0332,247729525.192,0.7647389107243122,890184275.2739936,3606.1270549999995,3555.4760166666665,0.047521946449711416,0.008048991425193589,-0.702070506295675,-0.02079794242997557,趋势上行,趋势和宽度共振，适合提高权益暴露并强化动量类信号
20240520,3690.9623,0.3533,279971341.52,0.5160142348754448,998260616.5610018,3612.4050199999997,3560.261925,0.03521601905871519,0.007445993088664859,-0.6962587327356722,-0.01497018812682005,中性震荡,趋势信号不充分，适合等待宽度或量能确认
20240521,3676.1611,-0.401,196575354.878,0.21490078622238862,801925673.6220021,3617.7229850000003,3564.683706666667,0.029794175127593858,0.007556933179498941,-0.7082618455340658,-0.018222460381292827,中性震荡,趋势信号不充分，适合等待宽度或量能确认
20240522,3684.451,0.2255,230839373.505,0.5816956765861875,834266654.7259991,3624.86244,3568.476701666667,0.040316976614848565,0.007227551674051991,-0.7106894214941328,-0.01925081918581628,趋势上行,趋势和宽度共振，适合提高权益暴露并强化动量类信号
20240523,3641.7917,-1.1578,214205039.031,0.13775032753134944,855915356.5170029,3630.4067999999997,3571.061985,0.031404757619471146,0.007772785932145525,-0.7083407496019087,-0.01303742880187242,中性震荡,趋势信号不充分，适合等待宽度或量能确认
20240524,3601.4754,-1.107,195344742.156,0.24574209245742093,769227662.7410004,3635.1693250000003,3572.924215,0.02716611247612777,0.008057810311023818,-0.709129331547013,-0.00598385317306338,中性震荡,趋势信号不充分，适合等待宽度或量能确认
20240527,3635.7079,0.9505,206143742.536,0.6360232166261,778550128.3889961,3640.873625,3575.9633716666663,0.032395868505928904,0.008237792035085194,-0.710752547279812,-0.012916219149508579,中性震荡,趋势信号不充分，适合等待宽度或量能确认
20240528,3609.1724,-0.7299,184381267.979,0.21512825313611683,745401974.6629993,3644.8181799999998,3577.869788333333,0.02234697274690256,0.008471585272723535,-0.71330160418165,0.001800689820192547,中性震荡,趋势信号不充分，适合等待宽度或量能确认
20240529,3613.5223,0.1205,179072813.278,0.5156337764463583,711809572.027,3646.2808649999997,3580.59083,0.00816169301597558,0.007791232705707944,-0.7429369490258105,-0.00518294850428902,中性震荡,趋势信号不充分，适合等待宽度或量能确认
20240530,3594.3121,-0.5316,193069647.051,0.31336578060651443,726817318.7020018,3644.8008500000005,3581.8946549999996,-0.008168050640517732,0.007469722134330841,-0.7812253215644018,-0.0005749918044124502,中性震荡,趋势信号不充分，适合等待宽度或量能确认
20240531,3579.9247,-0.4003,180707602.932,0.6116832053922486,717853303.4790034,3643.5773700000004,3582.59667,-0.0067888244080288596,0.007427254066955597,-0.8060506392103183,-0.001623050898249323,中性震荡,趋势信号不充分，适合等待宽度或量能确认
20240603,3588.7483,0.2465,222756928.174,0.16981838607002434,833942642.8220001,3640.1209499999995,3583.3946650000003,-0.018898504698094287,0.006563811345549697,-0.8273957815996749,-0.012781949628509759,中性震荡,趋势信号不充分，适合等待宽度或量能确认
20240604,3615.6714,0.7502,195790966.234,0.3889513108614232,748900292.6370004,3637.9541400000003,3584.2306166666667,-0.011843703194275856,0.00682722921480288,-0.8449092821800418,-0.01978855158131909,中性震荡,趋势信号不充分，适合等待宽度或量能确认
20240605,3594.7936,-0.5774,182639598.875,0.12609915809167446,691542698.2610021,3636.1826550000005,3584.9597083333333,-0.009759647567685437,0.006724847372403132,-0.8587566874218945,-0.01910067938253812,中性震荡,趋势信号不充分，适合等待宽度或量能确认
20240606,3592.2454,-0.0709,226764072.639,0.09519356648587993,849209743.5420018,3632.5668750000004,3586.001806666667,-0.019733768928938633,0.0063061330744161185,-0.8631823928298649,-0.014117159145085045,中性震荡,趋势信号不充分，适合等待宽度或量能确认
20240607,3574.1143,-0.5047,213001530.098,0.7707709580838323,719131772.1119994,3627.958735,3586.488546666667,-0.025137979887008388,0.006359967509112875,-0.8786228336878391,-0.010608418426909294,中性震荡,趋势信号不充分，适合等待宽度或量能确认
20240611,3542.8771,-0.874,219282337.214,0.5696107784431138,705307997.8509979,3621.8680550000004,3585.7154400000004,-0.03323980383937997,0.00657132984528654,-0.8948833290084993,0.0007657900410940055,中性震荡,趋势信号不充分，适合等待宽度或量能确认
20240612,3544.1225,0.0352,200722600.631,0.7427075542258789,694136451.7330011,3616.22191,3584.825916666667,-0.03087817832395523,0.006585762201526609,-0.9053108829203512,-0.004337745097693468,中性震荡,趋势信号不充分，适合等待宽度或量能确认
20240613,3526.1306,-0.5077,214792338.449,0.32529444756029163,755110981.6809992,3611.225645,3584.0554100000004,-0.027557572954128973,0.006439873216463513,-0.9060119734894754,-0.006479879106009223,中性震荡,趋势信号不充分，适合等待宽度或量能确认
20240614,3541.5331,0.4368,283768816.845,0.5016822429906542,850851802.5339981,3606.2843399999997,3583.71058,-0.027147348536375127,0.006458959127981417,-0.9059810711612314,-0.01296424421389708,中性震荡,趋势信号不充分，适合等待宽度或量能确认
20240617,3536.1986,-0.1506,232293851.894,0.29949523275378576,754019526.0390015,3599.19579,3583.14734,-0.03854599559496075,0.005844827360802718,-0.9166192621755175,-0.016794418729762617,中性震荡,趋势信号不充分，适合等待宽度或量能确认
20240618,3545.5902,0.2656,208824124.156,0.7463998503833925,739586955.9539994,3591.9271850000005,3582.18171,-0.03938596175853648,0.0058047155176777455,-0.9368287497805126,-0.024731538348678805,中性震荡,趋势信号不充分，适合等待宽度或量能确认
20240619,3528.749,-0.475,184790298.729,0.3002244668911336,708881416.1669976,3584.5565799999995,3581.3670216666665,-0.04009946680519527,0.005820593742257701,-0.9440980510435033,-0.013739770099828519,中性震荡,趋势信号不充分，适合等待宽度或量能确认
20240620,3503.2817,-0.7217,186515776.575,0.15528531337698784,727848562.4449996,3575.498115,3579.9986533333336,-0.049171314803752364,0.005839077227133189,-0.9524122145801129,-0.014033755835278772,风险收缩,趋势与宽度同步走弱，适合降低仓位或提高防御过滤
20240621,3495.6198,-0.2187,182736735.067,0.4460243217960711,623509481.706001,3568.189520000001,3578.574146666667,-0.04013735876217195,0.005434334404330863,-0.9705694696918223,-0.009715816348219497,风险收缩,趋势与宽度同步走弱，适合降低仓位或提高防御过滤
20240624,3476.8102,-0.5381,195787549.314,0.06138873292157963,699298779.421999,3561.95626,3577.4376116666667,-0.03461503582670589,0.00507321213874433,-0.9760328280304729,0.00039475839089520015,风险收缩,趋势与宽度同步走弱，适合降低仓位或提高防御过滤
20240625,3457.9023,-0.5438,190886336.762,0.5322218059198202,651403423.0549982,3553.0659800000003,3576.3065933333337,-0.04890535898112158,0.004382036538128498,-0.9859664631730447,0.004014977519752216,中性震荡,趋势信号不充分，适合等待宽度或量能确认
20240626,3480.2648,0.6467,171538111.702,0.8984097287184284,646585314.9809983,3546.6206000000006,3575.248561666667,-0.03571666457385081,0.004660061778033957,-0.993686746924874,-0.004841786751398902,中性震荡,趋势信号不充分，适合等待宽度或量能确认
20240627,3454.1175,-0.7513,174112508.796,0.10020603109196478,630219762.1519983,3538.6503599999996,3574.43741,-0.04411341255594303,0.004769972634231672,-1.0000611425533021,-0.0024042899524986394,风险收缩,趋势与宽度同步走弱，适合降低仓位或提高防御过滤
20240628,3461.657,0.2183,205118806.812,0.5685650056200824,706463314.9019995,3532.017605,3573.448946666667,-0.03690695084603257,0.0048102026325525845,-1.001651346931061,-0.008838686212989888,中性震荡,趋势信号不充分，适合等待宽度或量能确认
20240701,3478.1827,0.4774,188018227.775,0.6711019490254873,660948188.188999,3526.9305049999994,3572.4605866666666,-0.028420150848424308,0.005001685708765981,-1.0060971927872473,-0.021971905041100803,中性震荡,趋势信号不充分，适合等待宽度或量能确认
20240702,3471.7857,-0.1839,186104752.422,0.45408545727136435,647620053.7290015,3521.0823750000004,3570.3962383333333,-0.03259147486046887,0.004917230968389896,-1.0206540829088373,-0.009209842646681787,中性震荡,趋势信号不充分，适合等待宽度或量能确认
20240703,3463.4141,-0.2411,163035359.363,0.2530459231490159,583550007.5880023,3513.46951,3568.4418749999995,-0.042110380937825376,0.004421424716780563,-1.0335724624931315,-0.009946370548066907,风险收缩,趋势与宽度同步走弱，适合降低仓位或提高防御过滤
20240704,3445.8128,-0.5082,159477153.57,0.08002248875562219,586812682.019,3506.0204699999995,3566.4087033333335,-0.04144349205473152,0.004394100647064196,-1.0417547411223007,0.006487932252152495,风险收缩,趋势与宽度同步走弱，适合降低仓位或提高防御过滤
20240705,3431.0605,-0.4281,181416567.403,0.7360824742268042,578496038.9890009,3497.961225,3564.6529166666664,-0.04487023631514697,0.004406953293024008,-1.0629048854540741,0.012049015166010646,中性震荡,趋势信号不充分，适合等待宽度或量能确认
20240708,3401.7604,-0.854,177559765.828,0.08511436070491189,585102736.3380003,3489.3435299999996,3562.4574716666666,-0.04822282824027202,0.004587709251208127,-1.073376218835401,0.02189639811198929,风险收缩,趋势与宽度同步走弱，适合降低仓位或提高防御过滤
20240709,3439.8111,1.1186,215048837.82,0.800374531835206,727849630.6790025,3484.1902299999992,3561.375846666667,-0.02909104580568156,0.005265256546950833,-1.0716151007990113,0.016998491574145014,中性震荡,趋势信号不充分，适合等待宽度或量能确认
20240710,3428.9657,-0.3153,198149476.849,0.28903032572070386,680646159.7950002,3478.4323899999995,3560.1211966666665,-0.03249233061216128,0.005260041275184934,-1.0726690615581744,0.02117778547624427,风险收缩,趋势与宽度同步走弱，适合降低仓位或提高防御过滤
20240711,3468.169,1.1433,237551298.482,0.9339198801946836,790562173.9759989,3475.53431,3559.9933650000003,-0.016437734892746247,0.0059429830705454234,-1.0698993538516113,0.015213214811619746,中性震荡,趋势信号不充分，适合等待宽度或量能确认
20240712,3472.4014,0.122,205055553.856,0.37308124298015727,692008608.3579991,3472.077725,3558.715456666667,-0.0195202749905119,0.005839366502062401,-1.0823093516701165,0.019183899649389602,中性震荡,趋势信号不充分，适合等待宽度或量能确认
20240715,3476.2467,0.1107,171584915.38,0.16676024705221784,606493468.4629999,3469.08013,3558.134325,-0.016953770639465793,0.005855933082662417,-1.0938351715970462,0.011126425520950445,中性震荡,趋势信号不充分，适合等待宽度或量能确认
20240716,3498.2827,0.6339,200456285.078,0.46116413999625677,647384926.8739984,3466.714755,3557.015653333334,-0.01334263051607032,0.006027017861809554,-1.1010386717890457,-0.01669527737137999,中性震荡,趋势信号不充分，适合等待宽度或量能确认
20240717,3501.5836,0.0944,222830802.528,0.30430711610486894,688827328.28,3465.3564850000002,3555.8786833333334,-0.007698308947448496,0.0059574412813015705,-1.1026054445313136,-0.023822735518866378,中性震荡,趋势信号不充分，适合等待宽度或量能确认
20240718,3520.931,0.5525,215783795.703,0.4039722690650178,682505982.3699994,3466.23895,3555.5331683333334,0.005037933432529895,0.005867269396934279,-1.1061479401524523,-0.034553190619185714,中性震荡,趋势信号不充分，适合等待宽度或量能确认
20240719,3539.0156,0.5136,228065104.129,0.5813343328335832,677065805.0349989,3468.40874,3555.6683533333335,0.012414336364612755,0.005934153077674726,-1.1019637265377122,-0.03665496699138604,中性震荡,趋势信号不充分，适合等待宽度或量能确认
20240722,3514.9249,-0.6807,217457320.404,0.5445173383317713,661802848.8629977,3470.314475,3555.8133533333335,0.010962548372643433,0.006018213427107557,-1.1048931842261822,-0.035330171634677,中性震荡,趋势信号不充分，适合等待宽度或量能确认
20240723,3439.8779,-2.1351,202857560.169,0.10646672914714152,667211700.1679981,3469.4132550000004,3554.4509533333335,-0.0052125243677360045,0.007676647640395107,-1.1036581254280742,-0.020493692523214313,风险收缩,趋势与宽度同步走弱，适合降低仓位或提高防御过滤
20240724,3418.1663,-0.6312,184884499.787,0.14976569821930646,631865315.0870017,3466.30833,3552.5823700000005,-0.017843038840033132,0.007621225726811041,-1.104808160011051,0.006997348256578384,风险收缩,趋势与宽度同步走弱，适合降低仓位或提高防御过滤
20240725,3399.2716,-0.5528,190131464.835,0.6414775923495218,593337602.8099996,3463.566035,3549.4990866666662,-0.015878411779564505,0.007542701422206328,-1.1076896653808614,0.005882142515472921,中性震荡,趋势信号不充分，适合等待宽度或量能确认
20240726,3409.2931,0.2948,187853329.5,0.8406747891283973,610942050.4129987,3460.94784,3545.9220983333335,-0.015126830878969266,0.007560407008132957,-1.1151524886392246,-0.007303918809444587,中性震荡,趋势信号不充分，适合等待宽度或量能确认
20240729,3390.742,-0.5441,166697103.823,0.43915244702793926,590326757.4099982,3456.5758050000004,3542.361226666667,-0.02513976623482128,0.007513594288093817,-1.1206699538756393,-0.013985581916878487,风险收缩,趋势与宽度同步走弱，适合降低仓位或提高防御过滤
20240730,3369.3821,-0.6299,165442824.49,0.63535808023997,603970139.3649969,3451.455625,3537.5529833333335,-0.02949594498300978,0.007597869890632696,-1.1240802060104274,-0.007836214242368023,中性震荡,趋势信号不充分，适合等待宽度或量能确认
20240731,3442.0844,2.1577,258249147.336,0.946944131983502,908626430.4119997,3450.38914,3533.937596666667,-0.0061585763019211814,0.009171656744809414,-1.098682846564083,-0.02922514044106539,中性震荡,趋势信号不充分，适合等待宽度或量能确认
20240801,3419.2666,-0.6629,206038002.518,0.4068241469816273,787051770.3670005,3449.06183,3530.4216516666665,-0.00770390080389749,0.009220777136548402,-1.0830386972351236,-0.022323412862863545,风险收缩,趋势与宽度同步走弱，适合降低仓位或提高防御过滤
20240802,3384.3919,-1.0199,179671192.428,0.18646926536731634,726551399.0259987,3446.7284,3525.7521666666667,-0.013601800376297657,0.009445919040200349,-1.0714715243095945,-0.015590540799958807,风险收缩,趋势与宽度同步走弱，适合降低仓位或提高防御过滤
20240805,3343.3205,-1.2136,223631266.563,0.09505061867266591,794093925.1660026,3443.8064050000003,3520.3695566666665,-0.01717931104142445,0.00963645163709,-1.0551435965636398,-0.00522115663155831,风险收缩,趋势与宽度同步走弱，适合降低仓位或提高防御过滤
20240806,3342.9789,-0.0102,181724693.848,0.8937207122774133,657227668.2609998,3438.964795,3515.0076933333335,-0.028150441168121043,0.009217628324212334,-1.0606611033356008,-0.002569145740046408,中性震荡,趋势信号不充分，适合等待宽度或量能确认
20240807,3341.489,-0.0446,145078975.326,0.4049850074962519,595388061.5719999,3434.59096,3509.7484200000004,-0.025511103829355952,0.009210195964987667,-1.067322092611509,-0.009651415880764569,风险收缩,趋势与宽度同步走弱，适合降低仓位或提高防御过滤
20240808,3342.9369,0.0433,149482926.227,0.4412591343451377,623642570.8010002,3428.3293550000003,3505.02977,-0.036108995841898084,0.008728750109598164,-1.0803630788622156,-0.00029432203760715314,风险收缩,趋势与宽度同步走弱，适合降低仓位或提高防御过滤
20240809,3331.6274,-0.3383,142852166.559,0.24020985572418962,566214847.3690015,3421.290655,3499.8842400000003,-0.04054081996395931,0.008705550440701402,-1.0901910120484835,0.00420413159046551,风险收缩,趋势与宽度同步走弱，适合降低仓位或提高防御过滤
20240812,3325.8645,-0.173,117544892.727,0.2832521543649307,498877727.0449978,3413.7715449999996,3494.015821666667,-0.04325993319173804,0.00867477740098384,-1.0985987447383365,0.009351914366926284,风险收缩,趋势与宽度同步走弱，适合降低仓位或提高防御过滤
20240813,3334.3903,0.2563,125259155.343,0.6987635818658674,480057828.2370009,3405.5769250000003,3488.0729550000005,-0.04684938698636343,0.008519483806686887,-1.1116715675296056,-0.0005059095811309477,中性震荡,趋势信号不充分，适合等待宽度或量能确认
20240814,3309.2389,-0.7543,118181952.004,0.25660235999250797,480418610.64100075,3395.9596899999997,3481.9575849999997,-0.054930774750030276,0.008557450490809292,-1.1279539883451415,0.0037459066494112125,风险收缩,趋势与宽度同步走弱，适合降低仓位或提高防御过滤
20240815,3341.953,0.9886,149249335.426,0.7242929387525754,594588027.3800014,3387.0107900000003,3476.249285,-0.05083257808801145,0.008831501800905887,-1.134822785181501,-0.008622892063413268,中性震荡,趋势信号不充分，适合等待宽度或量能确认
20240816,3345.634,0.1101,135885323.083,0.31279265780108634,594396469.626,3377.3417099999997,3471.3133233333338,-0.054642765632341384,0.008691213711309188,-1.1412815212791034,-0.005512707008596851,风险收缩,趋势与宽度同步走弱，适合降低仓位或提高防御过滤
20240819,3356.9677,0.3388,143421671.337,0.3581865867366055,573433043.1940014,3369.4438500000006,3467.238195,-0.04493899713191596,0.008740782055908895,-1.1481856200115856,-0.009754219559514943,风险收缩,趋势与宽度同步走弱，适合降低仓位或提高防御过滤
20240820,3332.7034,-0.7228,137910585.092,0.1253043641131298,561434759.9479992,3364.085125,3462.1881200000003,-0.03115648378100866,0.00761532760830401,-1.1564496920367546,-0.008212431985396562,风险收缩,趋势与宽度同步走弱，适合降低仓位或提高防御过滤
20240821,3321.635,-0.3321,130005992.563,0.3462546816479401,512852263.20000017,3359.2585599999998,3457.39583,-0.02824066810324577,0.007546035530770857,-1.165747866390104,-0.010578946813843193,风险收缩,趋势与宽度同步走弱，适合降低仓位或提高防御过滤
20240822,3313.1357,-0.2559,147702791.561,0.1455056179775281,552234961.7329986,3354.9517650000003,3452.3893866666667,-0.025339516854140265,0.007489643840196148,-1.168959106813381,-0.01070119162339167,风险收缩,趋势与宽度同步走弱，适合降低仓位或提高防御过滤
20240823,3327.1905,0.4242,132680886.5,0.3535031847133758,513001118.2829996,3350.8466349999994,3447.9373600000004,-0.024082001045905854,0.007533335115780442,-1.1766109722922946,-0.0017306493271125323,风险收缩,趋势与宽度同步走弱，适合降低仓位或提高防御过滤
20240826,3324.2231,-0.0892,139070603.958,0.7196629213483146,529117319.65099984,3347.52069,3443.675666666667,-0.019617800469631685,0.007466639532261955,-1.181393103456312,-0.017812312296367927,中性震荡,趋势信号不充分，适合等待宽度或量能确认
20240827,3305.3338,-0.5682,129755962.864,0.19722794530811014,514154353.3009995,3344.318275,3438.9520916666665,-0.01900891561096618,0.00744467086181722,-1.188410172805135,-0.009652761848137681,风险收缩,趋势与宽度同步走弱，适合降低仓位或提高防御过滤
20240828,3286.4956,-0.5699,135982310.965,0.6401947930324031,499112653.6549999,3336.5388350000003,3433.4658283333333,-0.045201913119852555,0.005290726862472656,-1.2204043989510243,-0.010445989947468703,中性震荡,趋势信号不充分，适合等待宽度或量能确认
20240829,3277.6812,-0.2682,174340106.393,0.7825435474808017,610165877.4279991,3329.459565,3428.180621666667,-0.041408119507265084,0.005193339699396436,-1.2342240250098224,-0.006078504523258754,中性震荡,趋势信号不充分，适合等待宽度或量能确认
20240830,3321.4323,1.3348,268376041.211,0.8765686458138228,880290520.4460001,3326.3115850000004,3423.66707,-0.01860292834290267,0.005883689589599313,-1.2222127948696933,-0.027122816864278754,中性震荡,趋势信号不充分，适合等待宽度或量能确认
20240902,3265.011,-1.6987,194409996.348,0.154206483042908,708473659.564001,3322.39611,3418.5153483333333,-0.023422672160805402,0.00644369593806076,-1.228902079323161,-0.022070185980996748,风险收缩,趋势与宽度同步走弱，适合降低仓位或提高防御过滤
20240903,3273.4282,0.2578,155089488.535,0.7351067815661296,582802252.3650002,3318.9185750000006,3414.024533333333,-0.020805007174888313,0.006494622780908597,-1.2347167398360148,-0.023728334716490718,中性震荡,趋势信号不充分，适合等待宽度或量能确认
20240904,3252.1649,-0.6496,140070063.077,0.24203821656050956,561731228.2330006,3314.45237,3409.158573333333,-0.02673182524317741,0.006605888872595048,-1.237346259032487,-0.02030493595204852,风险收缩,趋势与宽度同步走弱，适合降低仓位或提高防御过滤
20240905,3257.7578,0.172,134618198.894,0.7396028475084301,537039537.5669994,3310.193415,3404.685693333333,-0.02548031941613982,0.006630212132443311,-1.2440798458294702,-0.026178465446387578,中性震荡,趋势信号不充分，适合等待宽度或量能确认
20240906,3231.3457,-0.8107,121541545.906,0.10097414762083178,544947412.8190023,3305.1793300000004,3399.515903333333,-0.030099914534260308,0.006791695692930254,-1.2440798458294702,-0.02231228308379385,风险收缩,趋势与宽度同步走弱，适合降低仓位或提高防御过滤
20240909,3192.9516,-1.1882,146516054.461,0.36450524737631185,520573733.44200104,3298.533685,3393.79512,-0.03996341402363213,0.007177776141079127,-1.24407884133399,-0.0068718235503475444,风险收缩,趋势与宽度同步走弱，适合降低仓位或提高防御过滤
20240910,3195.7552,0.0878,133610476.132,0.6229385307346327,529544982.5819974,3291.60193,3387.964536666667,-0.041577346239281,0.007130963759828022,-1.2402125411084672,8.777268046067377e-05,中性震荡,趋势信号不充分，适合等待宽度或量能确认
20240911,3186.1299,-0.3012,141513837.135,0.300561797752809,501242405.9839997,3285.44648,3382.2542183333335,-0.03720160548094609,0.007019943098823353,-1.238585633162425,0.004682734373133934,风险收缩,趋势与宽度同步走弱，适合降低仓位或提高防御过滤
20240912,3172.4747,-0.4286,136387244.637,0.3544943820224719,517434688.4829991,3276.972565,3376.7407683333336,-0.05071235292656717,0.006464077610296571,-1.2440798458294702,0.012699612702979035,风险收缩,趋势与宽度同步走弱，适合降低仓位或提高防御过滤
20240913,3159.247,-0.417,137448911.397,0.20483055607564127,528650341.6929978,3267.653215,3371.1345549999996,-0.0557105170499822,0.006413380827679714,-1.2440798458294702,0.06098351917403111,风险收缩,趋势与宽度同步走弱，适合降低仓位或提高防御过滤
20240918,3171.0102,0.3723,123452147.969,0.2848041971144838,481862951.84700066,3258.35534,3366.0378883333333,-0.05539448592251872,0.006430965297153098,-1.2440798458294702,0.07269695947367172,风险收缩,趋势与宽度同步走弱，适合降低仓位或提高防御过滤
20240919,3196.0357,0.7892,181785109.713,0.8985398727068513,629561858.462998,3251.5219549999997,3361.673445,-0.04100805970312271,0.0067661880078223584,-1.2440798458294702,0.10928685809110328,中性震荡,趋势信号不充分，适合等待宽度或量能确认
20240920,3201.0497,0.1569,163985054.957,0.30681392736802693,576896679.2589991,3245.49269,3357.01986,-0.03630299536222381,0.006806813133477904,-1.2440798458294702,0.1570219918797262,风险收缩,趋势与宽度同步走弱，适合降低仓位或提高防御过滤
20240923,3212.7639,0.3659,143876166.861,0.48006737787759685,552997278.5890001,3240.4741,3352.9973,-0.03029510683791181,0.006912731277497921,-1.2440798458294702,0.2505912743852732,中性震荡,趋势信号不充分，适合等待宽度或量能确认
20240924,3351.909,4.331,307879526.848,0.9670658682634731,974718714.2190006,3241.710025,3351.168166666667,0.007429240976734031,0.01215622273473356,-1.2104455782227843,0.2697529079697569,修复反弹,宽度改善但趋势仍需确认，适合结合反转与低估值修复
20240925,3401.533,1.4805,356862584.94,0.7789414625023378,1162025924.5019987,3245.57552,3349.890671666667,0.02325653172917308,0.01256557433442125,-1.1609981061654577,0.16300030015878142,修复反弹,宽度改善但趋势仍需确认，适合结合反转与低估值修复
20240926,3545.3204,4.2271,373983643.045,0.9618548990276738,1166765356.6860027,3257.57485,3351.11625,0.07260585905120998,0.01542757555483871,-1.1100113379230179,0.12762386722508912,中性震荡,趋势信号不充分，适合等待宽度或量能确认
20240927,3703.6849,4.4669,466692757.482,0.9773747195213164,1456310604.1889954,3278.434315,3355.1207633333333,0.1269404711815223,0.017760564456261244,-1.035227998670579,0.049540418516704765,中性震荡,趋势信号不充分，适合等待宽度或量能确认
20240930,4017.8545,8.4826,862528807.419,0.9985032740879326,2613160025.8479977,3315.44298,3364.654791666667,0.2258222367690914,0.024840665206724052,-0.8787393738899072,-0.014065243029582009,中性震荡,趋势信号不充分，适合等待宽度或量能确认
20241008,4256.0962,5.9296,1130387437.13,0.9417712038944018,3486522475.4679933,3362.1761749999996,3378.405386666667,0.28140386904769965,0.02713518480922488,-0.6751213778899936,-0.09400663922963015,中性震荡,趋势信号不充分，适合等待宽度或量能确认
20241009,3955.9839,-7.0514,1029032062.193,0.05523310241527804,2969403446.378996,3396.7248200000004,3387.642445,0.21162957797079396,0.03236473238535003,-0.4984809252239539,-0.03144474374630302,高波动分化,波动抬升且赚钱效应不足，适合降低换手并控制回撤
20241010,3997.7879,1.0567,717952217.513,0.5612951525360285,2165907101.258995,3432.942805,3396.9420583333335,0.22128473751157873,0.032315797806585105,-0.37479713868745534,-0.052420539869061034,趋势上行,趋势和宽度共振，适合提高权益暴露并强化动量类信号
20241011,3887.167,-2.7671,484998267.296,0.08270958083832336,1590161113.210004,3464.69291,3404.578746666667,0.19525519754548726,0.033236904732684536,-0.2944486371651989,0.009792993200446576,高波动分化,波动抬升且赚钱效应不足，适合降低换手并控制回撤
20241014,3961.3424,1.9082,534076602.216,0.9399438727782975,1653572487.695999,3499.8721400000004,3412.7983033333335,0.21597204064709796,0.033250363700675814,-0.20721687664017657,-0.006600035381945313,趋势上行,趋势和宽度共振，适合提高权益暴露并强化动量类信号
20241015,3855.9949,-2.6594,434410916.724,0.15001870557426114,1658113536.036001,3531.1046,3419.1915283333333,0.19330930763613452,0.034037952447595804,-0.12024815737952808,0.026395418728380582,高波动分化,波动抬升且赚钱效应不足，适合降低换手并控制回撤
20241016,3831.589,-0.6329,377301324.426,0.5096279678444569,1393180188.4779959,3563.03647,3425.1139,0.20001474497765637,0.033877321405434604,-0.05207372749862438,0.036961140665139336,中性震荡,趋势信号不充分，适合等待宽度或量能确认
20241017,3788.2217,-1.1318,369170521.635,0.336322869955157,1522772602.373999,3592.6597950000005,3429.9462166666663,0.1853917033444865,0.03415310716243633,0.025524514332504345,0.037118128540365,高波动分化,波动抬升且赚钱效应不足，适合降低换手并控制回撤
20241018,3925.234,3.6168,620673701.894,0.9521584750513923,2134721873.2650013,3629.6150000000002,3437.007056666667,0.23197550733885652,0.034543913847808264,0.1531439363083034,0.00794525880495267,趋势上行,趋势和宽度共振，适合提高权益暴露并强化动量类信号
20241021,3935.1974,0.2538,600109598.949,0.7052887310783031,2233845769.9950037,3667.751135,3443.9114966666666,0.24041884400212865,0.034417957593583494,0.28724258553101634,0.007359097157362493,趋势上行,趋势和宽度共振，适合提高权益暴露并强化动量类信号
20241022,3957.7755,0.5737,442881846.814,0.6719626168224299,1963732314.4500031,3707.67756,3450.8908283333335,0.25275912266435663,0.03425314744859955,0.3993617370230091,-0.008369979550381323,趋势上行,趋势和宽度共振，适合提高权益暴露并强化动量类信号
20241023,3973.2089,0.39,469120806.272,0.5148681503646905,1968099789.2930021,3747.7874949999996,3458.528895,0.25297890874018636,0.0342509618299893,0.5154774825301855,-0.021081247452153895,中性震荡,趋势信号不充分，适合等待宽度或量能确认
20241024,3928.8334,-1.1169,340486884.485,0.4002617311647037,1565233872.0730004,3784.4273799999996,3466.6781533333333,0.22928332746721192,0.03463122595130638,0.5885790573755701,-0.009619598530189677,高波动分化,波动抬升且赚钱效应不足，适合降低换手并控制回撤
20241025,3956.421,0.7022,412231378.43,0.8044494297999626,1832983236.2939985,3822.1959450000004,3475.6490649999996,0.23597612370717003,0.0345749824476843,0.6867137713840703,-0.01678302182705016,趋势上行,趋势和宽度共振，适合提高权益暴露并强化动量类信号
20241028,3964.1569,0.1955,390450182.338,0.7901234567901234,1906068174.7480054,3859.765595,3485.0638200000003,0.23387744116522224,0.034596670705699925,0.7924256147949454,-0.004892591410799119,趋势上行,趋势和宽度共振，适合提高权益暴露并强化动量类信号
20241029,3924.649,-0.9966,429625020.405,0.1987658937920718,2117713569.6940057,3888.4025950000005,3493.653085,0.17086979389953605,0.034034799693323466,0.8817247738592693,0.030556490529471736,高波动分化,波动抬升且赚钱效应不足，适合降低换手并控制回撤
20241030,3889.4487,-0.8969,385010582.233,0.43415637860082307,1897080261.7880044,3912.79838,3501.9648633333336,0.14343994310800445,0.034216355632172984,0.939152621300407,0.03466671253434961,高波动分化,波动抬升且赚钱效应不足，适合降低换手并控制回撤
20241031,3891.0396,0.0409,515533818.945,0.656758272574313,2265565037.8469963,3930.08434,3510.659155,0.09751423312826679,0.0332290327375016,1.0249989285150143,0.06544667394287118,中性震荡,趋势信号不充分，适合等待宽度或量能确认
20241101,3890.0203,-0.0262,476472952.028,0.18246401196485323,2272054801.3970017,3939.4011100000002,3518.124753333333,0.0503108134279997,0.03191164606959932,1.0887308608796646,0.05501943010425925,高波动分化,波动抬升且赚钱效应不足，适合降低换手并控制回撤
20241104,3944.7619,1.4072,381048606.068,0.8403738317757009,1726720244.7500038,3935.7464800000002,3526.8830083333332,-0.018191947966259114,0.0256662144370175,1.019475669892548,0.04724475259203853,修复反弹,宽度改善但趋势仍需确认，适合结合反转与低估值修复
20241105,4044.5725,2.5302,580971852.724,0.947132449093966,2356041214.10399,3925.170295,3537.886018333333,-0.04969899411578149,0.022409844933062775,0.9311541647744621,0.010179196936140888,修复反弹,宽度改善但趋势仍需确认，适合结合反转与低估值修复
20241106,4024.2831,-0.5016,639124093.912,0.5282032125513635,2629479477.741983,3928.5852549999995,3549.235395,0.017264782093779463,0.015697595710370042,0.9045968059204912,0.021521100242674063,中性震荡,趋势信号不充分，适合等待宽度或量能确认
20241107,4145.6952,3.017,658145920.948,0.84572282405678,2567143045.7670045,3935.98062,3562.614,0.03699728542377145,0.01689452146832141,0.9359443069694391,-0.02558704749929519,修复反弹,宽度改善但趋势仍需确认，适合结合反转与低估值修复
20241108,4104.047,-1.0046,688446559.772,0.41486183719193426,2735583617.935997,3946.8246199999994,3575.3232999999996,0.05579384677838628,0.015684328209515652,1.0254331318363492,-0.03294703983653191,高波动分化,波动抬升且赚钱效应不足，适合降低换手并控制回撤
20241111,4131.1312,0.6599,625605935.91,0.7361733931240658,2548900088.4300046,3955.3140599999997,3588.4598716666665,0.042861430004131895,0.015245978974962581,1.095382704618458,-0.04375329449715848,趋势上行,趋势和宽度共振，适合提高权益暴露并强化动量类信号
20241112,4085.743,-1.0987,660380524.821,0.27760134504016437,2589729241.161011,3966.8014649999996,3601.028465,0.059582054945145124,0.014046290918407617,1.168167370831332,-0.026641861712790038,高波动分化,波动抬升且赚钱效应不足，适合降低换手并控制回撤
20241113,4110.8901,0.6155,512734303.119,0.4832804035120493,2043087923.5169952,3980.76652,3614.112225,0.07289432660966488,0.013886814058312989,1.2189429398816956,-0.030435598363478422,高波动分化,波动抬升且赚钱效应不足，适合降低换手并控制回撤
20241114,4039.6191,-1.7337,464157560.755,0.09096002988419873,1872510228.3479965,3993.3363899999995,3625.866038333333,0.06636290584576932,0.014286909426882898,1.2462670137767196,-0.01245691703952978,高波动分化,波动抬升且赚钱效应不足，适合降低换手并控制回撤
20241115,3968.8308,-1.7524,474079686.588,0.1734827264239029,1865445829.3489988,3995.5162299999997,3636.859236666666,0.011106802804622617,0.012750344280771526,1.2252291900606416,-0.025985461511737973,高波动分化,波动抬升且赚钱效应不足，适合降低换手并控制回撤
20241118,3950.3806,-0.4649,472408054.831,0.21767563527653214,1797663307.9960036,3996.27539,3646.9996966666663,0.003858307082638346,0.012794908287901143,1.1911514102101544,-0.025893631616153545,高波动分化,波动抬升且赚钱效应不足，适合降低换手并控制回撤
20241119,3976.8912,0.6711,402610970.34,0.8435107376283847,1597960657.966,3997.231175,3657.52065,0.004829910135125015,0.012818630950225165,1.1625746400023718,-0.034375217506579014,中性震荡,趋势信号不充分，适合等待宽度或量能确认
20241120,3985.7727,0.2233,347577693.1,0.8533308453069602,1652901926.0380015,3997.8593650000003,3668.0007333333333,0.0031621292301040604,0.012799532515621896,1.1379490662364729,-0.019752255315512612,中性震荡,趋势信号不充分，适合等待宽度或量能确认
20241121,3989.2979,0.0884,324235010.779,0.47844747154319833,1656731090.8239985,4000.88259,3678.943975,0.015389937379375773,0.012514921172473584,1.1450975014652507,-0.02926514963948923,高波动分化,波动抬升且赚钱效应不足，适合降低换手并控制回撤
20241122,3865.6989,-3.0983,397566831.848,0.0800223838836038,1833597401.619,3996.3464849999996,3688.0117066666667,-0.02293034538033234,0.014286407717656168,1.1451454845745237,0.013163027260089999,高波动分化,波动抬升且赚钱效应不足，适合降低换手并控制回撤
20241125,3848.0909,-0.4555,349006773.18,0.6966417910447761,1522737788.2459993,3990.543185,3696.9276266666666,-0.029278861288260294,0.014288199296946021,1.1151968973219542,0.025867658167846308,中性震荡,趋势信号不充分，适合等待宽度或量能确认
20241126,3840.1847,-0.2055,264403254.8,0.28651371012870736,1335240101.235999,3986.3199699999996,3705.4775299999997,-0.02152149147605309,0.014147021081724656,1.0540643188254342,0.029088835232326193,高波动分化,波动抬升且赚钱效应不足，适合降低换手并控制回撤
20241127,3907.0447,1.7411,320632355.477,0.8078358208955224,1489142212.3779993,3987.19977,3715.1912233333333,0.004524034473060379,0.01458707165805489,1.022193200081409,0.006017873304597687,中性震荡,趋势信号不充分，适合等待宽度或量能确认
20241128,3872.5505,-0.8829,286432871.224,0.47219111608809256,1526606977.3139966,3986.275315,3724.644835,-0.0047517121131329665,0.014729880915226394,0.9644603650880469,0.012662869083308381,高波动分化,波动抬升且赚钱效应不足，适合降低换手并控制回撤
20241129,3916.5832,1.137,375262017.919,0.7999627143922446,1747537234.4929986,3987.60346,3735.146295,0.006828473362979537,0.014952586478727221,0.9234811975838088,0.014440469437748682,中性震荡,趋势信号不充分，适合等待宽度或量能确认
20241202,3947.632,0.7928,368591235.991,0.86609474076837,1826380181.7540007,3987.746965,3746.312141666667,0.0007275724296567088,0.014719179975840699,0.9312673643580783,0.004797508987666399,中性震荡,趋势信号不充分，适合等待宽度或量能确认
20241203,3951.8912,0.1079,327295048.701,0.4565460649011563,1756774552.1909966,3983.1129,3756.81979,-0.022914980507828697,0.013484505087211838,0.8844482481496547,0.011069560821917346,高波动分化,波动抬升且赚钱效应不足，适合降低换手并控制回撤
20241204,3930.5568,-0.5399,312040419.082,0.18295412159641924,1698169740.009998,3978.4265849999997,3767.9122199999997,-0.02329018552397577,0.013490656714089342,0.811687486358369,0.014825889298941242,高波动分化,波动抬升且赚钱效应不足，适合降低换手并控制回撤
20241205,3921.5881,-0.2282,257716297.997,0.7126351099515468,1527271187.9229958,3967.22123,3778.7148850000003,-0.05405778504893466,0.011307831357336652,0.7304450538178173,0.02726362312247943,中性震荡,趋势信号不充分，适合等待宽度或量能确认
20241206,3973.1405,1.3146,351751735.425,0.6778523489932886,1818546331.406997,3960.675905,3790.7311449999997,-0.0318969300302846,0.011698713227340517,0.6587993608163061,-0.010057459583923567,修复反弹,宽度改善但趋势仍需确认，适合结合反转与低估值修复
20241209,3966.5708,-0.1654,308227216.703,0.3804550540842969,1661995669.6100044,3952.447885,3802.544695,-0.039834222645845685,0.011540463147726946,0.5895078689152821,-0.013797610772509072,高波动分化,波动抬升且赚钱效应不足，适合降低换手并控制回撤
20241210,3995.6369,0.7328,487278042.807,0.5388630009319665,2228718253.008999,3947.94258,3815.2828816666665,-0.02205378556605253,0.01151364455316569,0.5613030371082681,-0.018420968131513726,中性震荡,趋势信号不充分，适合等待宽度或量能确认
20241211,3988.8308,-0.1703,310713317.895,0.7182258665672754,1799093778.2200031,3941.839615,3828.547535,-0.029691696209538487,0.011388198915621399,0.5422404211329888,-0.01176805995380914,修复反弹,宽度改善但趋势仍需确认，适合结合反转与低估值修复
20241212,4028.5048,0.9946,333667518.401,0.6590273896031302,1889303948.7300017,3941.2839,3842.426695,-0.0027513237572324156,0.011012080036960342,0.5435524700022298,-0.020613429578140385,修复反弹,宽度改善但趋势仍需确认，适合结合反转与低估值修复
20241213,3933.1808,-2.3662,421478609.274,0.1714498695490123,2091138542.1040015,3939.5014,3854.8775433333335,-0.008982494290257992,0.011594063596356837,0.5611852435527215,-0.001382265468193089,高波动分化,波动抬升且赚钱效应不足，适合降低换手并控制回撤
20241216,3911.8416,-0.5425,327619081.581,0.3292364990689013,1717601894.595998,3937.57445,3867.200325,-0.009755768849209034,0.011610379492493921,0.5549302574905568,0.005554979526778414,高波动分化,波动抬升且赚钱效应不足，适合降低换手并控制回撤
20241217,3922.0334,0.2605,306037370.847,0.10322340227315073,1526307198.4469976,3934.83156,3879.913431666667,-0.013794141514356761,0.011513453460281126,0.5493321625836145,0.015720110899616557,高波动分化,波动抬升且赚钱效应不足，适合降低换手并控制回撤
20241218,3941.89,0.5063,276825381.224,0.5218848947662507,1377216803.2469966,3932.637425,3892.7614283333332,-0.011009835056575157,0.011567756104428407,0.5277936145194144,0.011095971729297327,中性震荡,趋势信号不充分，适合等待宽度或量能确认
20241219,3945.4635,0.0907,321771606.933,0.45119225037257826,1465941593.8929968,3930.4457049999996,3905.251891666667,-0.010987998665128562,0.01156789528483735,0.5128877367259722,0.010649344493999235,高波动分化,波动抬升且赚钱效应不足，适合降低换手并控制回撤
20241220,3927.7441,-0.4491,332143276.398,0.6618276568025312,1534628173.0930014,3933.547965,3917.363465,0.016050189527177183,0.009158053779516308,0.48953006318475056,0.013566718870508865,中性震荡,趋势信号不充分，适合等待宽度或量能确认
20241223,3933.5718,0.1484,354063425.209,0.10333271271644014,1547020092.572002,3937.82201,3929.37693,0.022213846351706534,0.009070073577923355,0.49142717527241175,0.016647236488730233,中性震荡,趋势信号不充分，适合等待宽度或量能确认
20241224,3983.6882,1.2741,310384873.294,0.7285421709178924,1322737445.902998,3944.997185,3939.906583333333,0.037368905719560974,0.009393541207721139,0.49045037594391055,-0.01224425646565419,修复反弹,宽度改善但趋势仍需确认，适合结合反转与低估值修复
20241225,3985.6291,0.0487,299295145.793,0.16970938897168406,1296592406.3899994,3948.9264049999997,3949.641518333333,0.020113514442258618,0.00865383537078561,0.4754069698687524,-0.04145742010966358,中性震荡,趋势信号不充分，适合等待宽度或量能确认
20241226,3987.4801,0.0464,305769929.403,0.6792628443782577,1287682770.672998,3954.672885,3957.0108466666666,0.02967801194587394,0.008340327867979563,0.45674045476507336,-0.05324548202760937,修复反弹,宽度改善但趋势仍需确认，适合结合反转与低估值修复
20241227,3981.0307,-0.1617,345011075.199,0.6605214152700186,1450758766.4789968,3957.89526,3961.633276666667,0.016455031518288532,0.008030957116722522,0.4335539395370281,-0.05326786352087154,修复反弹,宽度改善但趋势仍需确认，适合结合反转与低估值修复
20241230,3999.0549,0.4528,322699390.192,0.24632010434134527,1290429237.8110018,3960.466405,3961.3199499999996,0.01302626485954117,0.007908239597580411,0.3916815125837584,-0.050749340800497644,中性震荡,趋势信号不充分，适合等待宽度或量能确认
20241231,3934.9109,-1.604,347880439.53,0.13128491620111732,1359943471.8690047,3959.6173900000003,3955.966861666667,-0.004296752906557844,0.00874464611185271,0.3606781519005519,-0.03702640382530642,中性震荡,趋势信号不充分，适合等待宽度或量能确认
20250102,3820.3952,-2.9102,388636586.639,0.1722853417768672,1410651673.200993,3954.1093100000007,3953.70705,-0.02802697063174353,0.01084374703684664,0.33821512727812375,-0.010605682888513712,高波动分化,波动抬升且赚钱效应不足，适合降低换手并控制回撤
20250103,3775.1648,-1.1839,304322755.436,0.11448250186150409,1283226849.7569926,3946.788145,3949.996665,-0.037337756099372066,0.011094026672969048,0.319148589867002,-0.011306579251851523,高波动分化,波动抬升且赚钱效应不足，适合降低换手并控制回撤
20250106,3768.9697,-0.1641,262803541.116,0.42681564245810055,1071937166.2950042,3936.5796050000004,3948.0267099999996,-0.051387762401052695,0.010520531561770375,0.2608179943486959,-0.01232610068475748,高波动分化,波动抬升且赚钱效应不足，适合降低换手并控制回撤
20250107,3796.1055,0.72,266855795.347,0.8177926670388982,1090150622.356002,3928.05634,3945.2727616666666,-0.04297548401253792,0.010745470778374613,0.2161412562249195,0.0064365966646606765,中性震荡,趋势信号不充分，适合等待宽度或量能确认
20250108,3789.2153,-0.1815,300965725.433,0.3681369812023078,1258458691.569001,3917.7352600000004,3944.1597683333334,-0.05166175134682538,0.010513531458840123,0.14033744792632127,0.0017973906101349524,高波动分化,波动抬升且赚钱效应不足，适合降低换手并控制回撤
20250109,3779.8773,-0.2464,251486002.82,0.5078154075176777,1130752028.204003,3907.2875849999996,3943.2979066666667,-0.052384648654437815,0.010511509188078843,0.08812167813687236,0.0054251231911681685,中性震荡,趋势信号不充分，适合等待宽度或量能确认
20250110,3732.4806,-1.2539,275354209.064,0.09934883720930232,1163749308.724001,3892.4863749999995,3942.368888333333,-0.07348239972309334,0.01029544791829579,0.031436016869545294,0.02139657470691203,风险收缩,趋势与宽度同步走弱，适合降低仓位或提高防御过滤
20250113,3722.513,-0.2671,247861953.197,0.5595459620394492,976834551.2920003,3881.952985,3938.990205,-0.05356168727356758,0.009167714490985756,-0.055621600970894115,0.028787918269190804,中性震荡,趋势信号不充分，适合等待宽度或量能确认
20250114,3820.5395,2.6333,345461480.064,0.9920029756369723,1372898098.5800025,3877.3878799999998,3937.07924,-0.02333992766987303,0.01119799070888184,-0.08255239507120206,0.0031605483989893823,中性震荡,趋势信号不充分，适合等待宽度或量能确认
20250115,3796.026,-0.6416,278850595.532,0.3097229968395613,1212427115.656998,3871.08751,3934.383415,-0.032128079276428356,0.011221688242970849,-0.10707501414155533,0.00026095711673201905,高波动分化,波动抬升且赚钱效应不足，适合降低换手并控制回撤
20250116,3800.3836,0.1148,305734630.771,0.6261386874883808,1293536742.6300013,3864.01219,3931.5029933333335,-0.035898109789973764,0.01113367110310475,-0.11361271552118553,0.0008842002159992202,中性震荡,趋势信号不充分，适合等待宽度或量能确认
20250117,3812.3429,0.3147,265437489.594,0.4871699516548903,1152364104.854002,3857.3561600000003,3929.561485,-0.03374016766344434,0.011173187946487867,-0.13811169374366175,0.005382726721670172,高波动分化,波动抬升且赚钱效应不足，适合降低换手并控制回撤
20250120,3829.6764,0.4547,292175449.109,0.6728659103589362,1197444391.581002,3852.452775,3927.449075,-0.024967945340430897,0.011235048986009697,-0.1644549690391895,-0.003289102964417534,中性震荡,趋势信号不充分，适合等待宽度或量能确认
20250121,3832.6145,0.0767,285073351.693,0.36902770031604387,1218376962.0640042,3847.4049099999997,3925.2567016666667,-0.025665554140895552,0.01122716904641483,-0.19013098590493008,-0.00979219277075738,高波动分化,波动抬升且赚钱效应不足，适合降低换手并控制回撤
20250122,3797.0166,-0.9288,298745637.551,0.19171465725431916,1148350025.6359987,3838.0713299999998,3923.129495,-0.04685898861261284,0.010857990164096607,-0.20375541291494295,0.01206599939542019,高波动分化,波动抬升且赚钱效应不足，适合降低换手并控制回撤
20250123,3803.7439,0.1772,345198071.114,0.4335066864784547,1370349188.1459982,3828.97707,3921.7010816666666,-0.04563525492123699,0.010879375401668742,-0.19799299101553372,0.023387194916040466,高波动分化,波动抬升且赚钱效应不足，适合降低换手并控制回撤
20250124,3832.8637,0.7656,296474375.469,0.7353651737595243,1234399809.7690017,3821.24625,3920.7314833333335,-0.038775466239944434,0.011091489050455395,-0.20215584754843283,0.017792988568834378,修复反弹,宽度改善但趋势仍需确认，适合结合反转与低估值修复
20250127,3817.0802,-0.4118,282940127.541,0.337421033073207,1128266893.0689995,3813.0487249999996,3919.5158149999997,-0.04118292782821287,0.011102024526008633,-0.22735128299824764,0.017305111902023995,高波动分化,波动抬升且赚钱效应不足，适合降低换手并控制回撤
20250205,3795.0848,-0.5762,346016202.025,0.637630014858841,1300859530.5520012,3802.8502199999994,3917.0211966666666,-0.051004576106219446,0.01101968393061577,-0.22653639186719457,0.032878553859982285,中性震荡,趋势信号不充分，适合等待宽度或量能确认
20250206,3842.8314,1.2581,371891971.101,0.891736304549675,1555978663.9400077,3798.246245,3913.658845,-0.023400656924658647,0.011034918291333544,-0.21122068181382014,0.016214190401379502,修复反弹,宽度改善但趋势仍需确认，适合结合反转与低估值修复
20250207,3892.7028,1.2978,487381557.078,0.7742294838470107,1992952080.565002,3801.861625,3911.46584,0.018926733024897446,0.00929418609918885,-0.16572709411187989,0.011895513831674975,修复反弹,宽度改善但趋势仍需确认，适合结合反转与低估值修复
20250210,3901.0618,0.2147,384968342.874,0.7698162242435493,1760505936.651,3808.156475,3907.388616666666,0.03334874281514799,0.008791569145571724,-0.12843854386647158,0.011877920006291509,修复反弹,宽度改善但趋势仍需确认，适合结合反转与低估值修复
20250211,3883.1352,-0.4595,337866056.116,0.3405124396583736,1678706850.7850008,3813.8647499999997,3903.7067533333334,0.03029090416938085,0.008874696320029974,-0.08103323638749435,0.007634990406720776,中性震荡,趋势信号不充分，适合等待宽度或量能确认
20250212,3919.8617,0.9458,354830596.298,0.6611585592276272,1712502990.3950021,3820.05256,3900.185595,0.03260083261648017,0.008964532215499641,-0.03241049513772978,0.005178371471626031,修复反弹,宽度改善但趋势仍需确认，适合结合反转与低估值修复
20250213,3905.1398,-0.3756,376473453.307,0.21384815296083162,1855383967.4870088,3825.8487849999997,3897.1755416666665,0.03059327349385499,0.009014299746425286,0.014225694787696266,0.006083290539304231,中性震荡,趋势信号不充分，适合等待宽度或量能确认
20250214,3939.0085,0.8673,360974236.854,0.4455997029335314,1745963506.5699983,3833.8053449999998,3894.310848333333,0.042099567623530953,0.00909712872509508,0.06229053725102634,0.010011529551154918,中性震荡,趋势信号不充分，适合等待宽度或量能确认
20250217,3947.3983,0.213,430929575.563,0.6819447021710893,1971784537.4640038,3844.55123,3892.773835,0.05758039305013396,0.008420659959861384,0.12542018833842636,0.005654002536303437,中性震荡,趋势信号不充分，适合等待宽度或量能确认
20250218,3912.7829,-0.8769,400186229.941,0.13567186340014847,1826288339.7179947,3854.064725,3891.8397033333335,0.05111329362718142,0.008735130685541955,0.19178576173282363,0.003288605662225663,中性震荡,趋势信号不充分，适合等待宽度或量能确认
20250219,3940.1602,0.6997,363680372.563,0.8621009651076467,1749226887.9349976,3860.04576,3891.6693633333334,0.031309897463434044,0.006822809210316927,0.22118733275488234,0.005020379628219107,修复反弹,宽度改善但趋势仍需确认，适合结合反转与低估值修复
20250220,3928.8959,-0.2859,325972429.363,0.6268795247818824,1791461772.0709972,3866.6892550000002,3890.8694416666667,0.03500236826618153,0.006647924105089417,0.26642577598950307,0.009982448249646891,修复反弹,宽度改善但趋势仍需确认，适合结合反转与低估值修复
20250221,3978.444,1.2611,504645493.577,0.532937465206903,2231055062.031998,3875.592275,3890.7472966666664,0.046853270285662774,0.007074435538045057,0.3396715978136124,-0.022218560824282085,中性震荡,趋势信号不充分，适合等待宽度或量能确认
20250224,3969.7169,-0.2194,455088749.685,0.5157816561455626,2115366051.2970052,3883.4609749999995,3890.420946666666,0.04128012724143981,0.007141881276207433,0.41490838788554063,-0.02046571633357519,中性震荡,趋势信号不充分，适合等待宽度或量能确认
20250225,3925.6505,-1.1101,377981451.25,0.2854754829123328,1925476808.658999,3888.25968,3891.42014,0.025060629143496493,0.007689870568456588,0.47178763130926904,-0.010298853654954754,中性震荡,趋势信号不充分，适合等待宽度或量能确认
20250226,3959.9413,0.8735,386458193.763,0.7892293407613742,1969700729.891,3894.6260200000006,3893.284313333333,0.03322191678813513,0.007867004840629554,0.5304865662437639,-0.014487765260560836,修复反弹,宽度改善但趋势仍需确认，适合结合反转与低估值修复
20250227,3968.1159,0.2064,428272792.668,0.3962474456622701,2041891633.785004,3903.180985,3895.4165,0.04506150960730593,0.007432695901459683,0.600296604158177,-0.0029936121573465035,中性震荡,趋势信号不充分，适合等待宽度或量能确认
20250228,3890.0487,-1.9674,420308043.45,0.10588890953000185,1905494740.2170036,3907.496225,3895.1332333333335,0.022689435006389314,0.008903935104542819,0.6421061079788171,0.013872731207709599,中性震荡,趋势信号不充分，适合等待宽度或量能确认
20250303,3888.4738,-0.0405,356057735.014,0.5989593012451218,1664258272.166996,3910.27673,3895.3986216666667,0.014508760121055175,0.00877595808957498,0.6756898104993955,0.010371164131284694,中性震荡,趋势信号不充分，适合等待宽度或量能确认
20250304,3885.2208,-0.0837,297739246.802,0.7523685677131711,1479897081.1170006,3913.68376,3894.8759149999996,0.017851498116282727,0.008710449400557959,0.7031617452538756,0.01446375969159841,中性震荡,趋势信号不充分，适合等待宽度或量能确认
20250305,3902.5706,0.4466,290860484.505,0.43812709030100333,1545688880.327,3919.0580500000005,3894.1248916666664,0.028322371083776554,0.008596905746614975,0.7222896135416876,0.006319142567209335,中性震荡,趋势信号不充分，适合等待宽度或量能确认
20250306,3956.2369,1.3752,397419427.643,0.7946096654275093,1953215827.4489987,3924.728325,3894.19732,0.02951092259733268,0.0086803646556604,0.753324700428153,-0.011287898356137416,修复反弹,宽度改善但趋势仍需确认，适合结合反转与低估值修复
20250307,3944.0143,-0.3089,340626700.286,0.31852815461810075,1861574032.7589965,3927.2938999999997,3894.4216116666666,0.013181458394409207,0.00829634045355077,0.743060481711514,0.015857548995195092,中性震荡,趋势信号不充分，适合等待宽度或量能确认
20250310,3928.8018,-0.3857,292574987.481,0.6093662887939045,1544009166.6289973,3928.6809000000003,3894.54184,0.007110884528924943,0.008349215574988583,0.7261461627970407,0.01730446163000643,修复反弹,宽度改善但趋势仍需确认，适合结合反转与低估值修复
20250311,3941.4157,0.3211,287480453.12,0.5351040118870728,1519815520.4680018,3931.594925,3894.0130933333335,0.015008619838938309,0.008286238570027044,0.7137324042294019,0.016823193757512067,中性震荡,趋势信号不充分，适合等待宽度或量能确认
20250312,3927.2315,-0.3599,309627267.365,0.488017833921605,1725542549.706002,3931.9634149999997,3893.357438333333,0.0018801173520994752,0.008078102580774018,0.7147511504428813,0.021118311971168646,中性震荡,趋势信号不充分，适合等待宽度或量能确认
20250313,3911.5793,-0.3986,295173112.58,0.27743732590529246,1648364479.048004,3932.28539,3891.9564783333335,0.001648980658771837,0.008084075061036764,0.6985772664232135,0.016211482661236065,中性震荡,趋势信号不充分，适合等待宽度或量能确认
20250314,4006.5567,2.4281,450895278.803,0.8347260909935005,1840945337.414001,3935.6628000000005,3892.25191,0.017148528620844594,0.009570575350086357,0.7059979451604194,-0.02292769249964688,修复反弹,宽度改善但趋势仍需确认，适合结合反转与低估值修复
20250317,3996.7876,-0.2438,318904417.418,0.5847583643122677,1620934353.7230022,3938.132265,3891.72329,0.012511861293551307,0.009594007417189913,0.6785869500753938,-0.015497195797945396,趋势上行,趋势和宽度共振，适合提高权益暴露并强化动量类信号
20250318,4007.7229,0.2736,292739319.545,0.5541117505104882,1564221754.5680053,3942.8792649999996,3892.965658333333,0.02426406024213601,0.00934009575684044,0.658112382267276,-0.01882061257279044,趋势上行,趋势和宽度共振，适合提高权益暴露并强化动量类信号
20250319,4010.168,0.061,286075300.795,0.2773031203566122,1506897484.248999,3946.3796549999997,3894.6044316666666,0.017767754722257223,0.009241597798860598,0.6391798281424149,-0.02264528568379176,中性震荡,趋势信号不充分，适合等待宽度或量能确认
20250320,3974.9918,-0.8772,260020676.826,0.3676197549201634,1476617368.2309983,3948.6844499999997,3895.487071666667,0.011732532796300266,0.009460873590959833,0.6145818692239245,-0.010711996940471646,中性震荡,趋势信号不充分，适合等待宽度或量能确认
20250321,3914.6956,-1.5169,309348613.935,0.18488954891405235,1579748404.588004,3945.49703,3895.0338316666666,-0.01602345037406583,0.00964607425814316,0.5636970060732736,0.00012021368915626773,中性震荡,趋势信号不充分，适合等待宽度或量能确认
20250324,3934.8486,0.5148,266051442.613,0.27102283274549843,1474431017.7560043,3943.753615,3894.856916666666,-0.008783573458349125,0.009728121168409914,0.5136224504128369,-0.012082548741519483,中性震荡,趋势信号不充分，适合等待宽度或量能确认
20250325,3932.2951,-0.0649,239246310.986,0.46419294990723564,1287496163.8379982,3944.085845,3894.932766666667,0.00169261119908648,0.009397946298610986,0.46377871331381554,-0.011344774200695129,中性震荡,趋势信号不充分，适合等待宽度或量能确认
20250326,3919.3566,-0.329,220943164.486,0.6581339269152291,1180175661.442999,3942.0566099999996,3894.695846666667,-0.010248813536705703,0.00920080549033587,0.4020952119971724,-0.008922586936845667,中性震荡,趋势信号不充分，适合等待宽度或量能确认
20250327,3932.4117,0.3331,232173613.774,0.35293026706231456,1216764522.167001,3940.2714,3893.8412383333334,-0.008997771461261905,0.009223533761224614,0.33763021739486454,-0.0180317589839335,中性震荡,趋势信号不充分，适合等待宽度或量能确认
20250328,3915.1662,-0.4385,213379194.289,0.17473567056204786,1145017107.5049994,3941.5272750000004,3892.666856666667,0.006456860038795975,0.008109367939116194,0.2782161152551072,-0.08319585513381278,中性震荡,趋势信号不充分，适合等待宽度或量能确认
20250331,3887.3056,-0.7116,268480316.572,0.2401260893751159,1243292320.8720055,3941.4688650000003,3890.9972816666664,-0.0003004263523648243,0.008279443152770205,0.2453271610614043,-0.06085104294347221,中性震荡,趋势信号不充分，适合等待宽度或量能确认
20250401,3887.6841,0.0097,246041674.67,0.7147626112759644,1152781563.905,3941.5920300000007,3889.4415050000002,0.0006340180202886181,0.00827700691772214,0.2197704925742279,-0.05167338570538693,中性震荡,趋势信号不充分，适合等待宽度或量能确认
20250402,3884.3858,-0.0848,198267515.342,0.5113088616981831,992702827.5460021,3940.68279,3887.5303533333336,-0.004659697892460901,0.008213323403777511,0.1765671577113413,-0.03842839194809122,中性震荡,趋势信号不充分，适合等待宽度或量能确认
20250403,3861.5034,-0.5891,263684681.545,0.3847580196551085,1158224646.1639974,3935.9461149999997,3886.3068949999997,-0.0239453557495507,0.007609202309434027,0.11445660348421774,-0.028741836663927267,中性震荡,趋势信号不充分，适合等待宽度或量能确认
20250407,3589.4406,-7.0455,512971787.745,0.01966240029679095,1617968460.1800056,3918.2174299999997,3882.457651666666,-0.08990172779038852,0.017271946767389107,0.09542434566565895,0.04727800760931933,高波动分化,波动抬升且赚钱效应不足，适合降低换手并控制回撤
20250408,3650.759,1.7083,464021087.838,0.6118323442136498,1653205775.2749982,3904.31529,3880.3842216666667,-0.07077038093395294,0.017938126807472053,0.10395558732265764,0.030261049825529573,中性震荡,趋势信号不充分，适合等待宽度或量能确认
20250409,3686.7943,0.9871,455031069.29,0.839481000926784,1740999490.6480024,3891.5842199999997,3879.0146316666664,-0.0646015085391779,0.01813014718627373,0.1212361047641593,0.023333577357434798,中性震荡,趋势信号不充分，适合等待宽度或量能确认
20250410,3735.1151,1.3106,403842564.856,0.917516218721038,1659048985.0890048,3881.9784,3877.998125,-0.048919041314473,0.018490676720052605,0.11604113877192895,0.009934633607408871,中性震荡,趋势信号不充分，适合等待宽度或量能确认
20250411,3750.5167,0.4123,318535141.904,0.6103077493511309,1390685079.8620052,3873.9252699999997,3877.353148333333,-0.04117584935578311,0.01854145598169975,0.09590933017691367,0.00586753819813679,中性震荡,趋势信号不充分，适合等待宽度或量能确认
20250414,3759.1422,0.23,292571297.039,0.8440571110699054,1312666590.5939965,3861.554545,3877.007563333333,-0.061752402006441165,0.01752979141164956,0.05463631165315498,0.0068468811847555155,中性震荡,趋势信号不充分，适合等待宽度或量能确认
20250415,3761.2348,0.0557,228604621.376,0.44871081432016324,1110222911.1029994,3849.7769049999997,3877.4868,-0.05893553112504646,0.01754789869536346,0.014735780052301011,0.006039878180431613,高波动分化,波动抬升且赚钱效应不足，适合降低换手并控制回撤
20250416,3772.8204,0.308,261711094.769,0.1872103799814643,1140807385.9319975,3838.0317800000003,3878.3252566666665,-0.05861246045728363,0.01755386568900683,-0.018344462499826315,0.0037271851053393146,高波动分化,波动抬升且赚钱效应不足，适合降低换手并控制回撤
20250417,3772.2221,-0.0159,209012323.066,0.579610750695088,1030415699.5759978,3826.134485,3877.5199666666667,-0.059335643793477,0.017546700157253205,-0.05557072163559837,0.0032170163045277533,中性震荡,趋势信号不充分，适合等待宽度或量能确认
20250418,3772.523,0.008,173109384.097,0.44345569150908415,949173681.4199972,3816.011045,3877.12825,-0.050935652244615826,0.017502427776184906,-0.09677849913380475,0.0038358149174968492,高波动分化,波动抬升且赚钱效应不足，适合降低换手并控制回撤
20250421,3784.8806,0.3276,208085677.382,0.8088616981831664,1073580343.5500001,3809.520295,3876.869866666667,-0.03316094359929289,0.017282043442073347,-0.13632406837184727,-0.0008617973312023963,中性震荡,趋势信号不充分，适合等待宽度或量能确认
20250422,3783.9522,-0.0245,210200698.794,0.46958456973293766,1121207482.2980003,3801.975475,3876.3966883333333,-0.03834871816923269,0.01721418469374811,-0.16392048713702043,-0.0023455634561134753,高波动分化,波动抬升且赚钱效应不足，适合降低换手并控制回撤
20250423,3786.8824,0.0774,247117386.122,0.5904708935854653,1262462397.3710012,3794.70484,3875.683455,-0.036979091421699195,0.017222163429331944,-0.165876308970345,-0.004307474665703914,中性震荡,趋势信号不充分，适合等待宽度或量能确认
20250424,3784.3574,-0.0667,205483051.375,0.2864293659621802,1138919178.2770052,3787.9548800000002,3874.87917,-0.03444422485057885,0.017219689419788506,-0.16909956866834563,0.006390781166704773,高波动分化,波动抬升且赚钱效应不足，适合降低换手并控制回撤
20250425,3786.9937,0.0697,220535052.619,0.5251251622473577,1137010714.2589984,3780.6839800000002,3874.7121216666665,-0.03697934272751757,0.01719000108850062,-0.17533052232858967,0.011785945141656873,中性震荡,趋势信号不充分，适合等待宽度或量能确认
20250428,3781.6188,-0.1419,210635318.523,0.22572860590310007,1076781760.663003,3774.0066100000004,3874.34337,-0.034110276084831304,0.017178732275153312,-0.1806615691502489,0.01884840957528544,高波动分化,波动抬升且赚钱效应不足，适合降低换手并控制回撤
20250429,3775.0767,-0.173,197462744.363,0.6634956164894609,1041734612.762999,3768.3951649999995,3873.3802533333337,-0.028870614134376305,0.01712965436136395,-0.1964087387467268,0.018828730022889317,修复反弹,宽度改善但趋势仍需确认，适合结合反转与低估值修复
20250430,3770.5705,-0.1194,244820462.218,0.6423507462686567,1193093662.3930027,3762.539485,3872.605091666667,-0.03012425829557508,0.017126470193164035,-0.1932592613209507,0.031835792488165815,修复反弹,宽度改善但趋势仍需确认，适合结合反转与低估值修复
20250506,3808.5424,1.0071,267937090.757,0.9212773858150761,1364447474.5080028,3758.7473150000005,3872.829385,-0.01952519752286197,0.01731738236006432,-0.16421583719584829,0.023031357088213023,修复反弹,宽度改善但趋势仍需确认，适合结合反转与低估值修复
20250507,3831.627,0.6061,286010735.453,0.6111729769858946,1505072310.7449965,3757.253495,3872.642645,-0.007736986584033545,0.017340016809014758,-0.13711754832591644,0.029121780382067364,修复反弹,宽度改善但趋势仍需确认，适合结合反转与低估值修复
20250508,3852.8963,0.5551,246987280.588,0.7123770643904249,1321796951.560999,3770.4262800000006,3871.9792033333338,0.07339742577158126,0.005268047041773861,-0.16025664342490342,0.0140940466007351,中性震荡,趋势信号不充分，适合等待宽度或量能确认
20250509,3846.1566,-0.1749,216697939.672,0.2250881425125255,1222385883.0769997,3780.1961599999995,3871.064116666667,0.053522459302298486,0.004321965316351034,-0.19391545990791914,0.011161480008380353,中性震荡,趋势信号不充分，适合等待宽度或量能确认
20250512,3890.6096,1.1558,296122947.808,0.763035813694563,1340867358.3000054,3790.3869250000002,3871.18869,0.055282525526308746,0.0044843635474206235,-0.2251767230379625,-0.0034607173127829682,中性震荡,趋势信号不充分，适合等待宽度或量能确认
20250513,3896.2583,0.1452,267586397.72,0.3600445186421814,1326019639.5829983,3798.4440850000005,3870.7953,0.04314276687216423,0.003760147663460258,-0.2511954232578074,0.0004907785502825668,中性震荡,趋势信号不充分，适合等待宽度或量能确认
20250514,3943.2108,1.2051,319465226.851,0.4318308291597106,1349914601.602997,3808.0787900000005,3871.429816666667,0.05137801412802667,0.004353369949045328,-0.25438071268036255,-0.006804125206798406,中性震荡,趋势信号不充分，适合等待宽度或量能确认
20250515,3907.1992,-0.9133,241464943.554,0.261038961038961,1190419197.823001,3815.4816399999995,3870.899661666667,0.03938584712225035,0.005074284304913193,-0.26393157751581214,0.0017060558366208678,中性震荡,趋势信号不充分，适合等待宽度或量能确认
20250516,3889.0854,-0.4636,208835664.039,0.5568540159525135,1124115343.6109984,3821.8741700000005,3869.92778,0.03399165614441291,0.005277851639246368,-0.2628461985796079,-0.0017513886426869796,中性震荡,趋势信号不充分，适合等待宽度或量能确认
20250519,3877.1453,-0.307,184888170.554,0.6614699331848553,1118881570.3109992,3827.0904149999997,3869.33382,0.02765170056862498,0.005370697129572889,-0.26455920444956077,-0.0043946250866585546,修复反弹,宽度改善但趋势仍需确认，适合结合反转与低估值修复
20250520,3898.1705,0.5423,201636702.522,0.7113459399332592,1211226034.395993,3833.387835,3868.633991666667,0.033388383997856375,0.005431298305769549,-0.2504329721465692,-0.015077226611816985,修复反弹,宽度改善但趋势仍需确认，适合结合反转与低估值修复
20250521,3916.3807,0.4671,217037739.435,0.29962894248608535,1214372706.1440012,3840.5807199999995,3868.425405,0.038133021322865446,0.005458078830543459,-0.2297136751356563,-0.02046381752417481,中性震荡,趋势信号不充分，适合等待宽度或量能确认
20250522,3913.8651,-0.0642,197511410.271,0.16468622354251763,1139705240.1280005,3847.0299450000007,3867.3490900000006,0.03407888217134247,0.005475898597933,-0.22454751220032323,-0.014094839395461078,中性震荡,趋势信号不充分，适合等待宽度或量能确认
20250523,3882.2741,-0.8072,232945378.295,0.205456570155902,1182563708.6449974,3851.9460400000003,3865.8917100000003,0.025983917027281755,0.005885853589620811,-0.21975391283292292,-0.010829168399006162,中性震荡,趋势信号不充分，适合等待宽度或量能确认
20250526,3860.1067,-0.571,208876792.149,0.7051067780872795,1033872196.331998,3855.6072550000004,3864.7993133333334,0.019336301544510492,0.00609132390737846,-0.23761305946455366,-0.0020968332300242976,修复反弹,宽度改善但趋势仍需确认，适合结合反转与低估值修复
20250527,3839.3969,-0.5365,178466763.541,0.48969359331476325,1024122599.0140038,3858.3592299999996,3862.79024,0.014543948729578426,0.006246615054953875,-0.24658181198565463,0.007643387949810565,中性震荡,趋势信号不充分，适合等待宽度或量能确认
20250528,3836.2366,-0.0823,162496372.728,0.32528329927549693,1033873190.2289968,3860.8213750000004,3860.592251666667,0.013003163960901176,0.006256415502843051,-0.2546396734184848,0.010770738176055117,中性震荡,趋势信号不充分，适合等待宽度或量能确认
20250529,3858.6998,0.5856,209459602.501,0.8303007797994801,1213409808.0139983,3864.675425,3860.06977,0.02038306981126703,0.006339795064938214,-0.24396528615015903,0.003960997432347568,中性震荡,趋势信号不充分，适合等待宽度或量能确认
20250530,3840.2323,-0.4786,199389751.071,0.2072808320950966,1164246057.8599992,3867.9332050000003,3859.2657449999997,0.01725941091475036,0.006445718369253055,-0.2343937916062305,0.011721582571970979,中性震荡,趋势信号不充分，适合等待宽度或量能确认
20250603,3852.0127,0.3068,226782772.063,0.6301115241635687,1163829628.0829997,3872.005315,3858.7122766666666,0.021599437008272382,0.006444144513101693,-0.23668011305570605,0.003492330126533494,中性震荡,趋势信号不充分，适合等待宽度或量能确认
20250604,3868.7429,0.4343,211736178.154,0.7359821760118826,1177412986.363003,3875.0153399999995,3858.1484816666666,0.015806703372923003,0.006144277498712678,-0.2512926219636608,0.006690105977318783,中性震荡,趋势信号不充分，适合等待宽度或量能确认
20250605,3877.5557,0.2278,231749275.335,0.49684484038604304,1316962323.1929977,3877.3117749999997,3856.837128333333,0.011986735660856285,0.0060310442745341065,-0.26598915679015656,0.003776477021335989,中性震荡,趋势信号不充分，适合等待宽度或量能确认
20250606,3873.9841,-0.0921,202034736.311,0.48247078464106846,1177213008.0309994,3878.3661649999995,3855.6699583333334,0.005473233214192685,0.005924855790136796,-0.27728511714342263,-0.0025301859137728533,中性震荡,趋势信号不充分，适合等待宽度或量能确认
20250609,3885.2459,0.2907,262023668.466,0.7649897902357528,1312655449.2560012,3880.3206300000006,3854.9440266666666,0.01016321072314108,0.005932002364852018,-0.27023259515675424,-0.002947252321918725,修复反弹,宽度改善但趋势仍需确认，适合结合反转与低估值修复
20250610,3865.4652,-0.5091,263647551.795,0.23410565338276182,1451437055.0199988,3879.0634099999997,3853.6781849999998,-0.006462843252121653,0.005450537558161722,-0.2615940777672867,0.0012711018585809253,中性震荡,趋势信号不充分，适合等待宽度或量能确认
20250611,3894.6252,0.7544,257217704.405,0.6326417191552427,1286677170.2060034,3878.981755,3853.134746666667,-0.0004191457224486106,0.0057178414378740725,-0.264667800640186,-0.005046544658520613,修复反弹,宽度改善但趋势仍需确认，适合结合反转与低估值修复
20250612,3892.1992,-0.0623,260239581.458,0.4310855872545387,1303622792.3920004,3876.4311749999993,3852.811745,-0.012936564284110719,0.004963980956369734,-0.26828445701821474,-0.012617031522949795,中性震荡,趋势信号不充分，适合等待宽度或量能确认
20250613,3864.1822,-0.7198,309172346.18,0.1572804742497221,1503996573.3750083,3874.2803250000006,3850.4388366666667,-0.011009676701407956,0.004806123246928574,-0.2437854876621764,-0.004538579987248048,中性震荡,趋势信号不充分，适合等待宽度或量能确认
20250616,3873.7951,0.2488,246860982.863,0.659074074074074,1243641397.1160007,3873.51581,3848.3889616666665,-0.003931592759572777,0.004750424920839558,-0.23444723385189287,-0.004102824127171778,修复反弹,宽度改善但趋势仍需确认，适合结合反转与低估值修复
20250617,3870.3786,-0.0882,220399818.949,0.416204217536071,1237136332.1059995,3873.1774750000004,3846.09989,-0.0017452789298353366,0.004705493743206049,-0.22520830269392458,0.008695686773381839,中性震荡,趋势信号不充分，适合等待宽度或量能确认
20250618,3874.9708,0.1186,230553858.264,0.33536810950795415,1221763879.8409998,3872.0174899999997,3843.8466033333334,-0.005951432858054884,0.004537237875778472,-0.22438500875512732,0.02196026870705703,中性震荡,趋势信号不充分，适合等待宽度或量能确认
20250619,3843.0912,-0.8227,234840180.806,0.1324699352451434,1280889732.3679965,3868.3530149999997,3841.64826,-0.018713579096128252,0.004708566569713034,-0.21918820976971662,0.02678268473045864,中性震荡,趋势信号不充分，适合等待宽度或量能确认
20250620,3846.6443,0.0925,213522822.875,0.2851858701683003,1091739560.6960008,3864.9919749999995,3840.5140716666665,-0.017175042645184657,0.004726667610970398,-0.22293564119227238,0.019527019953469615,中性震荡,趋势信号不充分，适合等待宽度或量能确认
20250623,3857.9016,0.2927,232482215.85,0.8230285079600148,1146922416.2370014,3863.7733500000004,3839.231621666667,-0.006277892640295546,0.004476043407367694,-0.22572020091688885,0.020264254536714876,中性震荡,趋势信号不充分，适合等待宽度或量能确认
20250624,3904.0342,1.1958,294228720.613,0.8825379208287089,1448058587.658003,3865.969725,3838.7606066666663,0.011379866779330339,0.005058784046243682,-0.19336091577738712,0.009919943836557588,修复反弹,宽度改善但趋势仍需确认，适合结合反转与低估值修复
20250625,3960.0662,1.4352,361727254.624,0.724801183650823,1639505977.5649996,3872.0031900000004,3839.4391,0.03142923306522438,0.00571795188795609,-0.14528264320814763,-0.004136622766558795,修复反弹,宽度改善但趋势仍需确认，适合结合反转与低估值修复
20250626,3946.0195,-0.3547,328102847.496,0.29963031423290204,1623222763.6329975,3877.492335,3839.6658966666664,0.028617343361981185,0.005809511736546872,-0.09923832284414753,0.005587428039826037,中性震荡,趋势信号不充分，适合等待宽度或量能确认
20250627,3921.7578,-0.6148,343468229.814,0.625531914893617,1575690673.3139973,3880.645235,3839.775756666667,0.016341773983039598,0.005946455495863418,-0.07093427890079958,0.01541288449786471,修复反弹,宽度改善但趋势仍需确认，适合结合反转与低估值修复
20250630,3936.0791,0.3652,288821434.921,0.7504162812210916,1517370401.1390033,3885.437575,3840.5886483333334,0.024958594301704107,0.005825313676121773,-0.043345609757707265,0.007392000836568435,修复反弹,宽度改善但趋势仍需确认，适合结合反转与低估值修复
20250701,3942.762,0.1698,236070338.399,0.48649148778682455,1496531050.5670054,3889.9750400000003,3841.506613333333,0.023558930633847508,0.005810846401967226,-0.017352529294559292,0.014124793735964758,中性震荡,趋势信号不充分，适合等待宽度或量能确认
20250702,3943.6849,0.0234,246637847.454,0.35998519341106794,1405108669.698997,3893.7221400000003,3842.4949316666666,0.019371150251416225,0.0057656199387308375,0.0004367310394519908,0.01209926787000648,中性震荡,趋势信号不充分，适合等待宽度或量能确认
20250703,3968.0676,0.6183,269609569.539,0.6054044049602073,1333505856.9789999,3898.247735,3844.271001666667,0.023342514460849673,0.005877080880407314,0.0017292334929548201,0.01057358498630423,修复反弹,宽度改善但趋势仍需确认，适合结合反转与低估值修复
20250704,3982.2034,0.3562,290512992.198,0.21628122109158188,1454519456.4520009,3903.6587,3850.8170483333333,0.02793488491602214,0.005878599328482675,0.023394451432031643,0.008187326644339743,中性震荡,趋势信号不充分，适合等待宽度或量能确认
20250707,3965.1746,-0.4276,225106992.876,0.6024430871737924,1227066824.6090026,3907.655135,3856.0573083333334,0.020572365831465156,0.00599954377170433,0.016707639002528078,0.013238559532788408,修复反弹,宽度改善但趋势仍需确认，适合结合反转与低估值修复
20250708,3998.4527,0.8393,292089834.224,0.7927077549509531,1474612593.7340076,3914.3045100000004,3861.251615,0.034404009121592916,0.006032318953779979,0.01851828242590825,0.00515491905156229,修复反弹,宽度改善但趋势仍需确认，适合结合反转与低估值修复
20250709,3991.4006,-0.1764,305398796.563,0.343322234554199,1527420220.1419966,3919.1432799999993,3865.52304,0.024848450115302567,0.005916481605933434,0.03732689893619911,0.003958835903366875,中性震荡,趋势信号不充分，适合等待宽度或量能确认
20250710,4010.0243,0.4666,347836703.626,0.5451350351461339,1515067527.1430025,3925.034535,3869.848166666667,0.03027211454131118,0.005946737976256664,0.05384651572309775,0.006101384472906979,中性震荡,趋势信号不充分，适合等待宽度或量能确认
20250711,4014.807,0.1193,443780794.88,0.547236088001479,1736609696.4889984,3932.565775,3874.109246666667,0.03897973547934663,0.0055851002101490995,0.07201996259550099,0.01089506917767169,中性震荡,趋势信号不充分，适合等待宽度或量能确认
20250714,4017.6678,0.0713,321415945.157,0.5878328402366864,1480922102.4930027,3939.7594099999997,3878.38313,0.0371399870891469,0.005589849823559912,0.09055807530078526,0.016910158674642073,趋势上行,趋势和宽度共振，适合提高权益暴露并强化动量类信号
20250715,4019.0644,0.0348,353524574.441,0.246301775147929,1635004507.2490017,3947.1937,3882.487196666667,0.03841634510897718,0.005565046418188293,0.12164246145400369,0.024854988638649322,中性震荡,趋势信号不充分，适合等待宽度或量能确认
20250716,4007.2019,-0.2952,300656795.665,0.6062511559090068,1461734218.4439976,3953.805255,3886.4035266666665,0.0341244119826658,0.005668973870539965,0.14039070807557133,0.028091072725833888,修复反弹,宽度改善但趋势仍需确认，适合结合反转与低估值修复
20250717,4034.491,0.681,325516865.723,0.6539670797114852,1560274264.5519998,3963.375245,3890.76966,0.04980360601382561,0.005266764159054985,0.16221828119202497,0.028391636020504096,趋势上行,趋势和宽度共振，适合提高权益暴露并强化动量类信号
20250718,4058.5486,0.5963,354244444.63,0.48150203477617465,1593318991.3440003,3973.9704600000005,3895.3307933333335,0.055088093276521644,0.0053104663877200295,0.20140535289779768,0.01690624081722225,中性震荡,趋势信号不充分，适合等待宽度或量能确认
20250721,4085.6072,0.6667,377938564.878,0.7411176905995559,1727135080.204001,3985.35574,3900.3583766666666,0.059023174670914225,0.005384287730012062,0.24673583074075497,0.012291196275549865,趋势上行,趋势和宽度共振，适合提高权益暴露并强化动量类信号
20250722,4118.9582,0.8163,450874014.479,0.47019622362088115,1928645026.624004,3996.1019399999996,3905.8929733333334,0.055051771831302165,0.005107482375099121,0.2842827756388987,0.008027879476902644,中性震荡,趋势信号不充分，适合等待宽度或量能确认
20250723,4119.7685,0.0197,470330899.421,0.23510913799482058,1898370906.1580083,4004.087055,3911.4831583333334,0.040328189463095354,0.0043284999334847725,0.3045072065047711,0.007638633093097313,中性震荡,趋势信号不充分，适合等待宽度或量能确认
20250724,4149.0368,0.7104,487000043.884,0.8123959296947271,1873880698.767001,4014.2379200000005,3917.51721,0.051448630702407794,0.004266497100379762,0.324090446720637,-0.017701843473646672,趋势上行,趋势和宽度共振，适合提高权益暴露并强化动量类信号
20250725,4127.1634,-0.5272,430445513.471,0.4684668022933235,1815451234.1209981,4024.5082,3923.2762866666667,0.052375901438890704,0.004176318391400381,0.34282230395892516,-0.017502287406406136,中性震荡,趋势信号不充分，适合等待宽度或量能确认
20250728,4135.8242,0.2098,406792873.973,0.5142381656804734,1766150090.248998,4034.4954549999993,3929.288745,0.05074722710730084,0.004169463436582926,0.36225880179038233,-0.015745809505152586,中性震荡,趋势信号不充分，适合等待宽度或量能确认
20250729,4152.0247,0.3917,428764310.974,0.4138950480413895,1829309368.7799954,4044.9585900000006,3935.646315,0.05307515391494588,0.004176897842017747,0.38825788991305826,-0.01169903926631266,中性震荡,趋势信号不充分，适合等待宽度或量能确认
20250730,4151.2379,-0.0189,445168467.668,0.3165188470066519,1870976302.1100042,4055.3362399999996,3941.357906666666,0.05262920473184862,0.004190562795577522,0.42465489346063867,-0.009094323406519278,中性震荡,趋势信号不充分，适合等待宽度或量能确认
20250731,4075.5912,-1.8223,492142571.739,0.19615455721944908,1961849007.7989998,4060.7124200000007,3945.423976666667,0.027097219815509277,0.006170641367761299,0.47374567869320666,0.009587517020843483,中性震荡,趋势信号不充分，适合等待宽度或量能确认
20250801,4054.9286,-0.507,359685164.163,0.611275415896488,1619883671.4129925,4064.3486800000005,3948.7911816666665,0.01826255283695466,0.006308537508779094,0.4866651465846099,0.012340118639820208,中性震荡,趋势信号不充分，适合等待宽度或量能确认
20250804,4070.7023,0.389,295976826.632,0.7170334751248382,1518202456.083,4069.6250649999993,3952.53361,0.026613632600188675,0.00621784799515168,0.5094108019475854,0.01272711590823028,修复反弹,宽度改善但趋势仍需确认，适合结合反转与低估值修复
20250805,4103.45,0.8045,306934255.766,0.7217085798816568,1615821323.5380056,4074.8749299999995,3956.0809500000005,0.02625948282444357,0.006197512923797693,0.5204430657969255,0.009839330319609152,修复反弹,宽度改善但趋势仍需确认，适合结合反转与低估值修复
20250806,4113.4852,0.2446,307674626.125,0.6205175600739371,1759241728.842003,4080.9791600000003,3959.701398333333,0.0305869072625784,0.006158803023484313,0.538554665932982,0.015337942628309342,修复反弹,宽度改善但趋势仍需确认，适合结合反转与低估值修复
20250807,4114.666,0.0287,358108366.984,0.3915696062118691,1852479305.1689956,4086.211245,3962.558985,0.026095028900448236,0.006118996586331035,0.5649157539919464,0.014253186042317845,中性震荡,趋势信号不充分，适合等待宽度或量能确认
20250808,4104.9669,-0.2357,308507687.635,0.4489003880983182,1736302971.1960099,4090.71924,3965.8551133333335,0.02245684537264192,0.006173719918657948,0.5648917903576424,0.02372404025961794,中性震荡,趋势信号不充分，适合等待宽度或量能确认
20250811,4122.5106,0.4274,360685826.235,0.7736929613892481,1849917267.630006,4095.9613799999997,3969.7455333333332,0.0260954377562026,0.0062123051327753,0.5937204047540225,0.028356967717681814,修复反弹,宽度改善但趋势仍需确认，适合结合反转与低估值修复
20250812,4143.8252,0.517,383088423.33,0.3847858197932053,1905210430.2209988,4102.19942,3974.1901983333332,0.03104224953449375,0.006266455745400914,0.6148308774565191,0.01919697288389477,中性震荡,趋势信号不充分，适合等待宽度或量能确认
20250813,4176.5776,0.7904,462776745.465,0.5049889135254989,2175210716.0979986,4110.668205,3978.8303166666665,0.04226782284166908,0.006326016107129869,0.67057290546957,0.02270236760356159,中性震荡,趋势信号不充分，适合等待宽度或量能确认
20250814,4173.3131,-0.0782,485075642.622,0.13578422316645114,2306282565.234992,4117.609310000001,3983.1125233333337,0.03440882629308151,0.006255335975663013,0.7288565570423596,0.027497960792828957,中性震荡,趋势信号不充分，适合等待宽度或量能确认
20250815,4202.3533,0.6959,518686873.501,0.8545824094604583,2272838040.8229923,4124.799545,3987.92066,0.03543254354524672,0.0062947846212253866,0.7819455796184455,0.04179667616237781,修复反弹,宽度改善但趋势仍需确认，适合结合反转与低估值修复
20250818,4239.4125,0.8819,635365867.185,0.7462107208872458,2809130228.295004,4132.48981,3993.872966666667,0.03764564053049457,0.006400535117339771,0.8664789931971534,0.05420779412241661,修复反弹,宽度改善但趋势仍需确认，适合结合反转与低估值修复
20250819,4223.3741,-0.3783,553536203.26,0.5512654720118234,2640679593.860004,4137.710605,3999.9274233333335,0.025350075171920894,0.00633937534506174,0.9221083670078349,0.05427328826967992,趋势上行,趋势和宽度共振，适合提高权益暴露并强化动量类信号
20250820,4271.3958,1.137,538815306.147,0.6793568656440584,2448414475.1010003,4145.29197,4007.127405,0.03680481075574993,0.00672056326282211,0.9650818134061878,0.02686025959008509,修复反弹,宽度改善但趋势仍需确认，适合结合反转与低估值修复
20250821,4288.0707,0.3904,558521268.967,0.4008127077946066,2460335049.733992,4152.243665,4014.6579733333338,0.03350992211011494,0.006625809057979125,1.0108999377136694,0.040976773074193895,中性震荡,趋势信号不充分，适合等待宽度或量能确认
20250822,4377.9977,2.0971,675935075.409,0.5176361957525393,2578842283.7830005,4164.785379999999,4023.3129383333335,0.06077644030279972,0.007691512402553614,1.0705416573990287,0.027126875831844366,中性震荡,趋势信号不充分，适合等待宽度或量能确认
20250825,4469.2217,2.0837,823681964.473,0.618836565096953,3176948203.5629926,4181.455255,4033.7960949999997,0.08061210628827009,0.008658645223548044,1.18076357530619,0.012192145222959194,趋势上行,趋势和宽度共振，适合提高权益暴露并强化动量类信号
20250826,4452.5905,-0.3721,627950450.229,0.517725258493353,2709831065.742007,4196.483545,4043.805725,0.07239017629158129,0.008825601207442323,1.249556402062984,0.008503431878588374,中性震荡,趋势信号不充分，适合等待宽度或量能确认
20250827,4386.1266,-1.4927,785098482.974,0.11685434742477387,3197788291.965003,4208.227980000001,4052.4287866666664,0.056582808708698584,0.009722793590126146,1.353216706711751,0.016803664536267693,中性震荡,趋势信号不充分，适合等待宽度或量能确认
20250828,4463.782,1.7705,739423602.221,0.5294443418866531,3000890233.5470095,4227.637519999999,4062.199225,0.09524772749533872,0.008919927498382375,1.4343942441678603,-0.022082955664053605,中性震荡,趋势信号不充分，适合等待宽度或量能确认
20250829,4496.7591,0.7388,831194066.158,0.3688585149612117,2830197224.9830027,4249.729045,4072.578808333333,0.10896135137866536,0.008639925301439401,1.5289528347164052,-0.008102324182765464,中性震荡,趋势信号不充分，适合等待宽度或量能确认
20250901,4523.7111,0.5994,770378288.127,0.5925378647949759,2777646700.6219993,4272.379485,4083.219895,0.11128517062031307,0.00863568729295612,1.6273498759515523,-0.012409678416466563,趋势上行,趋势和宽度共振，适合提高权益暴露并强化动量类信号
20250902,4490.4528,-0.7352,777999297.964,0.2325023084025854,2912423043.021998,4291.729625,4093.6363550000005,0.09431156709598021,0.00905650317142578,1.7286499322349707,-0.012068805177063768,中性震荡,趋势信号不充分，适合等待宽度或量能确认
20250903,4459.8296,-0.682,655697116.709,0.1519291120546428,2395682256.5509953,4309.046845,4103.056428333333,0.08419731277992692,0.009400528785409205,1.7783733440654186,-0.003243330193602123,中性震荡,趋势信号不充分，适合等待宽度或量能确认
20250904,4365.2085,-2.1216,773124596.998,0.42411373707533234,2581892828.988005,4321.5739699999995,4110.939916666666,0.06089011842030434,0.010959110603061619,1.8353604896988203,0.041882535507754115,高波动分化,波动抬升且赚钱效应不足，适合降低换手并控制回撤
20250905,4460.3249,2.179,664166970.947,0.8966217463540705,2348359289.786006,4339.34187,4120.875628333333,0.0865678113019619,0.011644576863496596,1.8831788278901833,0.013827042061442585,趋势上行,趋势和宽度共振，适合提高权益暴露并强化动量类信号
20250908,4467.5733,0.1625,683630879.769,0.730208525558221,2463137922.3660073,4356.595005000001,4130.771931666667,0.08370207707895294,0.011659035467331451,1.931088132579084,0.014657263709584756,趋势上行,趋势和宽度共振，适合提高权益暴露并强化动量类信号
20250909,4436.2584,-0.7009,562861103.958,0.2396678966789668,2152080368.449992,4371.216665,4140.203261666667,0.07057083392417218,0.01191501111591826,1.9503754266351447,0.019628770948058483,高波动分化,波动抬升且赚钱效应不足，适合降低换手并控制回撤
20250910,4445.3649,0.2053,535539349.489,0.45038731095536705,2003952265.910001,4384.65603,4149.70983,0.06435587357457462,0.011872498963279444,1.9369954577654755,0.023768150056703075,高波动分化,波动抬升且赚钱效应不足，适合降低换手并控制回撤
20250911,4548.0345,2.3096,693156671.398,0.7786386275594909,2464592729.691996,4403.392099999999,4161.458885,0.08978990816672705,0.01262854812762226,1.9493638113845917,-0.010977379349255023,趋势上行,趋势和宽度共振，适合提高权益暴露并强化动量类信号
20250912,4521.998,-0.5725,689576075.7,0.35508849557522126,2548311820.4449997,4419.3743349999995,4172.71478,0.0760632619822803,0.012809620025172932,1.9708858477670674,-0.0044401832995060175,高波动分化,波动抬升且赚钱效应不足，适合降低换手并控制回撤
20250915,4533.0557,0.2445,613314652.4,0.3533751383253412,2303180069.986005,4434.056495,4183.967348333334,0.0692650691575778,0.012756049018515764,1.9313573026917896,-0.002304780856762889,高波动分化,波动抬升且赚钱效应不足，适合降低换手并控制回撤
20250916,4523.3367,-0.2144,613728334.806,0.6693102176318702,2367069158.7100015,4449.054625,4194.2890566666665,0.07102439729409715,0.012712448757441328,1.9099808444749546,-0.0007867201218957343,趋势上行,趋势和宽度共振，适合提高权益暴露并强化动量类信号
20250917,4551.023,0.6121,608454200.521,0.4619073971591957,2402923862.9120035,4463.035985,4204.138336666667,0.06546506413664588,0.012595331578747055,1.9064267834970419,0.0033064653815197964,高波动分化,波动抬升且赚钱效应不足，适合降低换手并控制回撤
20250918,4498.109,-1.1627,839987127.411,0.18948339483394833,3166643257.679998,4473.5379,4213.339828333334,0.04898200489091753,0.013024387224723112,1.961608772031536,0.021204132669973008,高波动分化,波动抬升且赚钱效应不足，适合降低换手并控制回撤
20250919,4501.9195,0.0847,603887059.817,0.3524529693839911,2349413156.7600045,4479.73399,4223.00919,0.028305588191606335,0.012276006121150804,1.9436840823359725,0.010690817550158327,高波动分化,波动抬升且赚钱效应不足，适合降低换手并控制回撤
20250922,4522.608,0.4595,563149164.266,0.4014396456256921,2142462764.4930003,4482.403305000001,4232.784671666666,0.011945323723815404,0.011435725107597387,1.8628624764199533,0.02154615213169042,高波动分化,波动抬升且赚钱效应不足，适合降低换手并控制回撤
20250923,4519.7781,-0.0626,680513630.7,0.2042772861356932,2518471303.485995,4485.762685,4242.401606666667,0.015089552924303362,0.011394237854182353,1.8479120453078999,0.026752508049012302,高波动分化,波动抬升且赚钱效应不足，适合降低换手并控制回撤
20250924,4566.0708,1.0242,629161495.484,0.8222058281077094,2347154285.93,4494.759895,4252.774705,0.04102576519337142,0.010945684048067488,1.7814542646393468,0.03140801058100107,趋势上行,趋势和宽度共振，适合提高权益暴露并强化动量类信号
20250925,4593.4875,0.6004,669866986.619,0.27220788794692224,2391770731.5180044,4501.24517,4263.19837,0.02905731059446892,0.010363192182653734,1.7338653721431814,0.005082543492281211,中性震荡,趋势信号不充分，适合等待宽度或量能确认
20250926,4550.0487,-0.9457,598723903.174,0.33265757464061924,2166107175.8909936,4503.90965,4272.662458333333,0.01185066818455982,0.010541093298930812,1.6819817764797027,0.009654797760735967,高波动分化,波动抬升且赚钱效应不足，适合降低换手并控制回撤
20250929,4620.0528,1.5385,693395231.241,0.6597785977859778,2178142641.6620026,4508.726734999999,4283.577095,0.021297049672336588,0.010991616586126253,1.635144113069111,-0.017529756369883964,修复反弹,宽度改善但趋势仍需确认，适合结合反转与低估值修复
20250930,4640.6935,0.4468,664624101.862,0.48995021205974554,2197249493.9049983,4516.23877,4294.281108333334,0.03345780630407691,0.010829166646841129,1.579269498922528,-0.007413891910767245,高波动分化,波动抬升且赚钱效应不足，适合降低换手并控制回撤
20251009,4709.482,1.4823,862208005.908,0.5748293042996863,2671818087.9599986,4528.721390000001,4306.249131666667,0.05597801315099571,0.011012547052726248,1.6008432596566518,-0.019335502290910078,趋势上行,趋势和宽度共振，适合提高权益暴露并强化动量类信号
20251010,4616.8341,-1.9673,792743047.251,0.5116193286610107,2534146454.094,4541.30267,4316.362628333333,0.057643432152209906,0.010839529251357225,1.5971129619164806,-0.022222934109761616,中性震荡,趋势信号不充分，适合等待宽度或量能确认
20251013,4593.9785,-0.495,714001634.395,0.31047197640117996,2374221492.666003,4547.98535,4326.015486666666,0.02996499201212921,0.009998487253342259,1.5991335072913555,-0.012137279266762002,中性震荡,趋势信号不充分，适合等待宽度或量能确认
20251014,4539.0644,-1.1953,808959003.201,0.3196902654867257,2596585408.838998,4551.559905,4334.70543,0.01600222205643509,0.010442470611530101,1.6095594057669291,0.015158872828506142,中性震荡,趋势信号不充分，适合等待宽度或量能确认
20251015,4606.2879,1.481,607326345.326,0.7988569321533924,2090386715.4020007,4560.06138,4344.492488333333,0.03832723089349366,0.010714843171508427,1.604739444145577,-0.0029780813309564502,修复反弹,宽度改善但趋势仍需确认，适合结合反转与低估值修复
20251016,4618.4218,0.2634,560567191.741,0.2168386145910096,1948658599.677001,4568.714225000001,4354.679486666667,0.038929740053510686,0.010715963215681232,1.6004194965337943,-0.002614984192219172,高波动分化,波动抬升且赚钱效应不足，适合降低换手并控制回撤
20251017,4514.2345,-2.2559,559085965.219,0.11084514822316333,1954407554.406006,4567.024225,4362.675211666667,-0.00743178179497106,0.0108399341705238,1.5605600808051114,0.032441602225139254,高波动分化,波动抬升且赚钱效应不足，适合降低换手并控制回撤
20251020,4538.2201,0.5313,505798833.703,0.7484346224677716,1751294505.7630022,4567.83533,4370.669736666667,0.0035873744305061628,0.01083109992635844,1.498291230145036,0.03917802488248667,中性震荡,趋势信号不充分，适合等待宽度或量能确认
20251021,4607.8715,1.5348,551390253.216,0.8524590163934426,1892692698.877002,4571.57612,4379.374141666666,0.016504496073145525,0.011341882238178664,1.4662209396524986,0.018251702548562676,修复反弹,宽度改善但趋势仍需确认，适合结合反转与低估值修复
20251022,4592.57,-0.3321,440935302.747,0.41996684472278506,1690256794.954003,4575.037785,4387.2676716666665,0.015305802904302945,0.011361430586069417,1.4133433832590976,0.03380847760622063,高波动分化,波动抬升且赚钱效应不足，适合降低换手并控制回撤
20251023,4606.3447,0.2999,420800208.776,0.5512796906647026,1660708816.794998,4577.803870000001,4395.377275000001,0.01215588231481135,0.011306105052246664,1.3553560886132325,0.022483402078007808,趋势上行,趋势和宽度共振，适合提高权益暴露并强化动量类信号
20251024,4660.6835,1.1797,551986648.561,0.5574374079528719,1991616752.2299953,4585.932595,4403.90472,0.036142854697384985,0.011178247264202086,1.2635543816218486,-0.004294627601295065,趋势上行,趋势和宽度共振，适合提高权益暴露并强化动量类信号
20251027,4716.0186,1.1873,672670372.523,0.6188547228871294,2356588539.4339905,4596.63755,4413.718973333333,0.04755729195068903,0.011396635843152297,1.2641149752550411,-0.013277258914967116,趋势上行,趋势和宽度共振，适合提高权益暴露并强化动量类信号
20251028,4691.973,-0.5099,571563257.096,0.43556701030927836,2165306650.2239985,4605.105799999999,4422.98812,0.03744852527568154,0.011503443806170575,1.2658997075097562,-0.015616884410886489,高波动分化,波动抬升且赚钱效应不足，适合降低换手并控制回撤
20251029,4747.8378,1.1906,645898688.765,0.49189985272459497,2290674105.178994,4616.508785,4432.918338333333,0.05045816297928418,0.011698129623312873,1.2481025160800798,-0.025396992289837828,高波动分化,波动抬升且赚钱效应不足，适合降低换手并控制回撤
20251030,4709.911,-0.7988,719956285.438,0.22868716626772234,2464294237.0520062,4623.700795,4442.229556666667,0.0315019644461052,0.011775530203044346,1.2572543500344717,-0.0035049069929347088,高波动分化,波动抬升且赚钱效应不足，适合降低换手并控制回撤
20251031,4640.6676,-1.4702,680712251.493,0.6921944035346097,2349813486.5280075,4626.0598,4451.6474966666665,0.010271084878319403,0.012269459563013809,1.2539763416722158,0.008215800674885587,修复反弹,宽度改善但趋势仍需确认，适合结合反转与低估值修复
20251103,4653.4028,0.2744,557602941.096,0.6505336768494663,2132903846.2899945,4631.227505,4461.622066666667,0.022714943688404876,0.012045296125799802,1.2513822535209855,0.00894998816779835,修复反弹,宽度改善但趋势仍需确认，适合结合反转与低估值修复
20251104,4618.699,-0.7458,505177700.977,0.2999631947000368,1938394964.7339957,4631.159815000001,4470.755345,-0.00029302695415101,0.011706960483157383,1.2326514028660194,0.007245871618826172,高波动分化,波动抬升且赚钱效应不足，适合降低换手并控制回撤
20251105,4627.257,0.1853,468361161.389,0.6220095693779905,1894339866.4939964,4630.48799,4479.485461666667,-0.002895364669095457,0.011669577919965864,1.2089858764021684,0.00403066006491537,中性震荡,趋势信号不充分，适合等待宽度或量能确认
20251106,4693.4032,1.4295,553641780.921,0.5299963194700037,2075903916.5120008,4629.68405,4489.150761666667,-0.0034141334439754534,0.011634634242091985,1.1624286813895064,0.0018474014761826751,中性震荡,趋势信号不充分，适合等待宽度或量能确认
20251107,4678.7944,-0.3113,507573849.5,0.3864974245768948,2020204970.6569977,4632.782065,4498.552901666667,0.0134205168862358,0.01072238614964483,1.122275795259392,-0.010826421438821954,高波动分化,波动抬升且赚钱效应不足，适合降低换手并控制回撤
20251110,4695.0507,0.3474,593977127.605,0.6207023349880493,2194371384.3450007,4637.835675,4508.387631666667,0.02200101720110359,0.010653095231337461,1.1082245829081172,-0.020659670405689168,修复反弹,宽度改善但趋势仍需确认，适合结合反转与低估值修复
20251111,4652.1655,-0.9134,477629076.357,0.5120426548997977,2013885360.9259982,4643.4907299999995,4517.215213333333,0.024917271497624016,0.010488052332590753,1.0626997723491518,-0.018050239184311145,中性震荡,趋势信号不充分，适合等待宽度或量能确认
20251112,4645.9079,-0.1345,492308866.409,0.3231023708877045,1964813023.8589957,4645.47173,4525.583258333334,0.008601286081141302,0.010002332050583837,1.0528890326055043,-0.012401386605188636,中性震荡,趋势信号不充分，适合等待宽度或量能确认
20251113,4702.0738,1.2089,510060678.21,0.7266544117647059,2065680879.650994,4649.654329999999,4534.341528333333,0.018112680829628802,0.01032785926286181,1.0620316732249362,-0.029162770690668416,修复反弹,宽度改善但趋势仍需确认，适合结合反转与低估值修复
20251114,4628.1398,-1.5724,444720433.579,0.3606105185730048,1980381884.0940034,4655.349595,4541.921973333333,0.025232472969669795,0.009596179106477766,1.064060978770178,-0.03771109074967871,中性震荡,趋势信号不充分，适合等待宽度或量能确认
20251117,4598.0525,-0.6501,438940097.528,0.47526209306602907,1930321103.304001,4658.3412149999995,4548.51696,0.013184111541879595,0.009698590258414491,1.0780478524065553,-0.03262352920067779,中性震荡,趋势信号不充分，适合等待宽度或量能确认
20251118,4568.1928,-0.6494,420150126.547,0.2349264705882353,1945958604.6150029,4656.35728,4553.996631666667,-0.008611069123780957,0.00917813207618053,1.0822093764645322,-0.01702819986056625,中性震荡,趋势信号不充分，适合等待宽度或量能确认
20251119,4588.2922,0.44,385230481.97,0.2205071664829107,1742665765.4159935,4656.143389999999,4560.0786,-0.0009314610338002627,0.00921078662252694,1.086303950440315,-0.015401525648257475,中性震荡,趋势信号不充分，适合等待宽度或量能确认
20251120,4564.9483,-0.5088,415064817.73,0.2670464988053667,1722634730.1479988,4654.07357,4564.971141666667,-0.008986822023979157,0.009249324351436439,1.0911420579437958,-0.01085348546006537,中性震荡,趋势信号不充分，适合等待宽度或量能确认
20251121,4453.6076,-2.439,481295814.463,0.06502571638501102,1983599376.1329982,4643.719775,4567.73009,-0.04443037163969621,0.01022377699983841,1.0905156815957882,0.016403331088262085,中性震荡,趋势信号不充分，适合等待宽度或量能确认
20251124,4448.0478,-0.1248,425807469.5,0.7772058823529412,1740350182.6359985,4630.321235,4568.897591666667,-0.05682140439395211,0.009678291598864854,1.0423706118418465,0.02887509437286173,中性震荡,趋势信号不充分，适合等待宽度或量能确认
20251125,4490.4047,0.9523,411523796.962,0.7907318867230599,1826169389.9620037,4620.24282,4569.2506416666665,-0.04296024295109968,0.010046769753322849,1.0158747164283988,0.014237024114998054,中性震荡,趋势信号不充分，适合等待宽度或量能确认
20251126,4517.6255,0.6062,427361377.738,0.31137283768862717,1797190474.2160044,4608.732205,4570.334558333333,-0.04848781902364063,0.00969540708084432,0.9773201480977382,0.0029712732939017883,中性震荡,趋势信号不充分，适合等待宽度或量能确认
20251127,4515.4027,-0.0492,417789843.568,0.513433934486566,1723172379.5909984,4599.00679,4572.489159999999,-0.0412976593400598,0.009614073503495838,0.9194182613845615,0.006901643567693405,中性震荡,趋势信号不充分，适合等待宽度或量能确认
20251128,4526.6616,0.2493,341832317.979,0.7586968525676422,1597730794.3929987,4593.30649,4573.537153333334,-0.02456672397738624,0.009183508365798575,0.8606600337050692,0.012785404590438088,中性震荡,趋势信号不充分，适合等待宽度或量能确认
20251201,4576.4856,1.1007,463861587.251,0.6255522827687776,1889449234.178992,4589.46063,4574.865928333334,-0.01652923748616819,0.009548982951298133,0.8416395700278214,0.009891629507148503,中性震荡,趋势信号不充分，适合等待宽度或量能确认
20251202,4554.3347,-0.484,364366426.478,0.28403237674760856,1607266719.958,4586.242415,4575.376321666667,-0.013935590953209842,0.009470393024321927,0.8157693977700005,0.009636643525562594,中性震荡,趋势信号不充分，适合等待宽度或量能确认
20251203,4531.0486,-0.5113,374486168.903,0.2651598676957001,1683556162.3380058,4581.431995,4576.052918333333,-0.02079166988131409,0.009501206023711968,0.7993014255517253,0.013413826547788554,中性震荡,趋势信号不充分，适合等待宽度或量能确认
20251204,4546.5664,0.3425,348767399.212,0.26746323529411764,1561665471.3120024,4574.090155,4577.498531666667,-0.031285784268438754,0.008869732982425674,0.7591253385860313,0.0012357457267093697,风险收缩,趋势与宽度同步走弱，适合降低仓位或提高防御过滤
20251205,4584.5368,0.8351,412146806.538,0.8067304155939684,1738952859.111,4569.377275,4581.154003333333,-0.02014570249122294,0.009130074120633654,0.7371518564432042,-0.0007823691152397672,修复反弹,宽度改善但趋势仍需确认，适合结合反转与低估值修复
20251208,4621.7545,0.8118,496716196.112,0.6266544117647059,2051611871.628002,4565.7124650000005,4583.8444966666675,-0.015611375613047151,0.009306579654239,0.7259984340345249,-0.01507974947609192,修复反弹,宽度改善但趋势仍需确认，适合结合反转与低估值修复
20251209,4598.2232,-0.5091,452113884.581,0.24039698584818966,1917689372.282994,4563.01535,4586.021995,-0.011595094800475159,0.00915749118020413,0.7184828963660623,-0.02189295639237354,中性震荡,趋势信号不充分，适合等待宽度或量能确认
20251210,4591.8273,-0.1391,401452781.498,0.4477749172489886,1791634157.7599962,4560.31132,4588.61481,-0.011640480432253075,0.009157708333611412,0.7049528904904655,-0.0026029506815292702,中性震荡,趋势信号不充分，适合等待宽度或量能确认
20251211,4552.1848,-0.8633,432431093.51,0.18981991914737228,1885275975.9679985,4552.816870000001,4590.395141666667,-0.03187721128494414,0.008819006272271331,0.6908583334477943,0.00013351830532015718,风险收缩,趋势与宽度同步走弱，适合降低仓位或提高防御过滤
20251212,4580.95,0.6319,523863221.652,0.4928361498897869,2119009686.465007,4550.457380000001,4590.9437333333335,-0.010196277994886871,0.008321935429577522,0.7016889562763818,-0.002788046147633061,中性震荡,趋势信号不充分，适合等待宽度或量能确认
20251215,4552.0596,-0.6307,424383389.792,0.4251331986037112,1794419910.171996,4548.157735,4591.44476,-0.010002691356829962,0.008314645558096223,0.6910713562019853,0.01308504396559318,中性震荡,趋势信号不充分，适合等待宽度或量能确认
20251216,4497.5545,-1.1974,390500134.303,0.20036730945821854,1748090890.9209995,4544.625819999999,4590.853073333333,-0.015463073274840644,0.008608700157640242,0.6756124760904808,0.027388128370651188,风险收缩,趋势与宽度同步走弱，适合降低仓位或提高防御过滤
20251217,4579.875,1.8303,452504741.114,0.6658097686375322,1834364912.2879953,4544.20496,4591.795378333333,-0.0018344951962736555,0.009555237356077773,0.6827766874282326,0.011830803242446564,修复反弹,宽度改善但趋势仍需确认，适合结合反转与低估值修复
20251218,4552.7926,-0.5913,382102395.685,0.5221141493852083,1676800696.8649998,4543.597175,4591.824871666667,-0.002662834100443212,0.00957990691806983,0.6791957958703282,0.019711660047945223,中性震荡,趋势信号不充分，适合等待宽度或量能确认
20251219,4568.1781,0.3379,371577144.281,0.8217694566813509,1748741853.7939966,4549.325699999999,4592.99269,0.025725324341551836,0.0077005338088726285,0.6608470000342459,0.019496153181943532,修复反弹,宽度改善但趋势仍需确认，适合结合反转与低估值修复
20251222,4611.6235,0.951,448240599.514,0.5481263776634827,1882193940.9570024,4557.5044849999995,4594.8210899999995,0.036774717214144825,0.007886762451766395,0.6719288769787615,0.006017100051641133,中性震荡,趋势信号不充分，适合等待宽度或量能确认
20251223,4620.7341,0.1976,433141326.006,0.27748210680858876,1921373040.785996,4564.020955,4596.456525,0.0290239763912592,0.007677445316975979,0.6793668859231704,0.006611005813989657,中性震荡,趋势信号不充分，适合等待宽度或量能确认
20251224,4634.0586,0.2884,406375640.662,0.7572922399559714,1897241756.4279969,4569.84261,4598.361199999999,0.025773074815519825,0.007609759024058708,0.6871836274614559,-0.0008888752507358877,修复反弹,宽度改善但趋势仍需确认，适合结合反转与低估值修复
20251225,4642.5357,0.1829,385356060.832,0.6917858452511918,1943917869.2140036,4576.199259999999,4599.635615,0.028155406825619567,0.007598673464566961,0.7044298875790351,0.016200198525129217,修复反弹,宽度改善但趋势仍需确认，适合结合反转与低估值修复
20251226,4657.24,0.3167,460426934.268,0.3421969558041445,2181103641.9440036,4582.72818,4600.698156666667,0.02884651240552194,0.007605190510727264,0.750007262190765,0.02865512621209132,中性震荡,趋势信号不充分，适合等待宽度或量能确认
20251229,4639.3721,-0.3837,482613536.467,0.36571952337305225,2157686377.022008,4585.872505,4602.186879999999,0.013741220992807168,0.007343270740400235,0.7709639193191505,0.029593164126671345,中性震荡,趋势信号不充分，适合等待宽度或量能确认
20251230,4651.2818,0.2567,457185489.037,0.3371816016126077,2161531644.3360085,4590.719859999999,4602.707363333334,0.021286775431766047,0.00723470186633154,0.8142671690308368,0.018569461863179315,中性震荡,趋势信号不充分，适合等待宽度或量能确认
20251231,4629.9395,-0.4588,444491545.749,0.4532795895932576,2065788014.486999,4595.664405,4602.52813,0.021825168681704366,0.0072119931851112335,0.844129930705577,0.027858376983111555,中性震荡,趋势信号不充分，适合等待宽度或量能确认
20260105,4717.7457,1.8965,630577351.311,0.7669048927982408,2567239811.6349964,4604.223370000001,4602.665858333334,0.03765023645096233,0.008239094128131187,0.9226927890923604,0.015297518049775194,修复反弹,宽度改善但趋势仍需确认，适合结合反转与低估值修复
20260106,4790.6938,1.5462,725414566.873,0.7525187763326616,2832277969.2049975,4614.53122,4605.56352,0.04496790166456943,0.008674894022323217,1.0081113825773929,-0.0061914622888233906,趋势上行,趋势和宽度共振，适合提高权益暴露并强化动量类信号
20260107,4776.6658,-0.2928,664897929.361,0.39798534798534796,2881565961.188998,4622.276785,4608.608308333333,0.03351785561089393,0.008632312242912972,1.0729534961746523,-0.007271850586658135,中性震荡,趋势信号不充分，适合等待宽度或量能确认
20260108,4737.6536,-0.8167,630655637.962,0.6834585088844111,2826302442.822008,4629.248305,4611.918128333333,0.030322668982227574,0.008785434237893023,1.143941027505462,0.0029077051982020485,修复反弹,宽度改善但趋势仍需确认，适合结合反转与低估值修复
20260109,4758.9221,0.4489,668788811.127,0.7180802344751787,3152368298.167015,4637.603045,4614.462031666667,0.03638960899073873,0.008780886765184123,1.250251579881451,-0.0056839131701692525,修复反弹,宽度改善但趋势仍需确认，适合结合反转与低估值修复
20260112,4789.9155,0.6513,799954082.388,0.7591133907309031,3644614289.496998,4649.4895799999995,4617.3202599999995,0.05222342906641231,0.008479380749402358,1.387704019982325,-0.011578471478254637,趋势上行,趋势和宽度共振，适合提高权益暴露并强化动量类信号
20260113,4761.0324,-0.603,801054979.64,0.297505502567865,3698811083.913999,4658.4937,4621.433558333333,0.03931114725111606,0.008641049297184625,1.5111297166117386,-0.008854004018120087,中性震荡,趋势信号不充分，适合等待宽度或量能确认
20260114,4741.9306,-0.4012,891334219.174,0.5036670333700036,3986861533.538006,4667.98725,4624.828733333333,0.04171100923195303,0.008540088947283659,1.682419370564591,-0.003977578246294855,中性震荡,趋势信号不充分，适合等待宽度或量能确认
20260115,4751.4293,0.2003,674058683.64,0.40864944108484513,2938493793.9910045,4680.68099,4627.221363333333,0.05644729819282901,0.007875566414136176,1.7754223947537975,-0.005834076074750727,中性震荡,趋势信号不充分，适合等待宽度或量能确认
20260116,4731.8728,-0.4116,785624166.096,0.43424908424908426,3056523974.276992,4688.28088,4629.543076666667,0.03318819836785947,0.007107637440405798,1.8709064434839249,-0.006208155045925978,中性震荡,趋势信号不充分，适合等待宽度或量能确认
20260119,4734.4556,0.0546,655149256.236,0.6458524079838858,2732216214.2720037,4697.36403,4631.678258333332,0.03990144422568265,0.00688889866376084,1.9533632609546527,-0.00580670774481451,修复反弹,宽度改善但趋势仍需确认，适合结合反转与低估值修复
20260120,4718.8782,-0.329,671960685.391,0.4084507042253521,2804235216.197005,4704.899035,4632.64817,0.03298910346774786,0.006978473468581615,2.0358261602486243,-0.002794392955512315,中性震荡,趋势信号不充分，适合等待宽度或量能确认
20260121,4723.0692,0.0888,665330511.237,0.5665141811527905,2623747053.4990044,4710.47132,4632.7656799999995,0.024166261621314078,0.006729003050203981,2.093761739778431,-0.001075105992518588,趋势上行,趋势和宽度共振，适合提高权益暴露并强化动量类信号
20260122,4723.7091,0.0135,690235248.161,0.6544090742773508,2716404578.1450076,4715.62007,4633.294615000001,0.022285419972553733,0.0067306507569965,2.1558754469186723,0.006384940173390419,修复反弹,宽度改善但趋势仍需确认，适合结合反转与低估值修复
20260123,4702.4966,-0.4491,755617735.528,0.7208706786171575,3118107722.9210014,4719.04197,4632.538928333333,0.014768479621729558,0.006830430461352171,2.2512584695244646,0.0008173317977517858,中性震荡,趋势信号不充分，适合等待宽度或量能确认
20260126,4706.964,0.095,796832970.315,0.2936115687351272,3280644397.750009,4722.263385,4632.489811666667,0.013877825430615331,0.0068259821452434,2.3556933708063523,-0.021454190004427387,中性震荡,趋势信号不充分，适合等待宽度或量能确认
20260127,4705.6918,-0.027,715267914.84,0.35291964122277136,2921453671.6099844,4724.685974999999,4633.573548333333,0.01040354372976271,0.006804130507056493,2.4135349566592863,-0.009687077253975662,中性震荡,趋势信号不充分，适合等待宽度或量能确认
20260128,4717.9914,0.2614,829414067.055,0.3182650073206442,2992289486.1529894,4728.61694,4634.650024999999,0.01694610785800088,0.006738343522026266,2.478740285835413,-0.004092461889608212,中性震荡,趋势信号不充分，适合等待宽度或量能确认
20260129,4753.8697,0.7605,917966160.339,0.32991765782250687,3259417550.1979995,4733.746335,4636.902870000001,0.022055834157371557,0.0068976977876267845,2.4802800133586316,-0.017554309492327835,中性震荡,趋势信号不充分，适合等待宽度或量能确认
20260130,4706.3401,-0.9998,750564885.195,0.44910289271329185,2862425410.436008,4737.566365,4638.220921666666,0.016501425126613345,0.007231080414134099,2.4802800133586316,-0.01333184569470447,中性震荡,趋势信号不充分，适合等待宽度或量能确认
20260202,4605.9799,-2.1324,725920381.252,0.14110541727672035,2606637984.537999,4731.978075,4636.763866666666,-0.023690509643196744,0.0075231060203019545,2.4802800133586316,0.02454982489176727,中性震荡,趋势信号不充分，适合等待宽度或量能确认
20260203,4660.1074,1.1752,666626842.811,0.8885635864592863,2565612992.446,4725.448754999999,4636.452416666667,-0.027258348258450638,0.007126584684890908,2.4802800133586316,0.01377397439380923,中性震荡,趋势信号不充分，适合等待宽度或量能确认
20260204,4698.6832,0.8278,636018589.863,0.5950987564008778,2503262865.5559955,4721.549625,4636.512958333333,-0.016325739179826937,0.007430560238508922,2.4802800133586316,0.0032211790741711877,中性震荡,趋势信号不充分，适合等待宽度或量能确认
20260205,4670.4188,-0.6015,550433167.197,0.29595756356319736,2194279690.3570023,4718.187885,4636.81718,-0.014191582094562394,0.007333154490007111,2.4802800133586316,0.010525651361287025,中性震荡,趋势信号不充分，适合等待宽度或量能确认
20260206,4643.5959,-0.5743,505759806.238,0.5029271862422247,2163475055.5280056,4712.421575,4636.778646666668,-0.024233680984187433,0.007309792756115058,2.4528049281789457,0.003619974769983658,中性震荡,趋势信号不充分，适合等待宽度或量能确认
20260209,4719.0559,1.625,522757267.199,0.8439158279963404,2270179145.3330007,4708.878595,4637.061681666667,-0.014793496879015877,0.008128969878484013,2.345423952687773,-0.0024394498060513747,修复反弹,宽度改善但趋势仍需确认，适合结合反转与低估值修复
20260210,4724.2956,0.111,450339578.978,0.4012797074954296,2124744548.2809973,4707.041755,4638.664278333334,-0.007716141566270318,0.008039490422611177,2.2224463056143704,0.0024533181200598886,中性震荡,趋势信号不充分，适合等待宽度或量能确认
20260211,4713.8185,-0.2218,433428613.402,0.37477148080438755,2001043433.6889987,4705.63615,4640.593711666666,-0.005928408146673281,0.008006491338530753,2.067299599991157,0.002769601757046658,中性震荡,趋势信号不充分，适合等待宽度或量能确认
20260212,4719.578,0.1222,490473852.275,0.38495252008765524,2160770686.5390053,4704.043585,4643.116798333333,-0.006703519717740414,0.007996733505972423,2.00653815461134,-0.001892351392433933,中性震荡,趋势信号不充分，适合等待宽度或量能确认
20260213,4660.4056,-1.2538,452878594.069,0.2813299232736573,1998941692.9280047,4700.470225,4644.318688333334,-0.015103364570577593,0.008418531792374234,1.9239120536158587,0.014647480468223728,中性震荡,趋势信号不充分，适合等待宽度或量能确认
20260224,4707.544,1.0115,526084235.584,0.731823164048228,2218160722.196008,4699.124645000001,4646.6952833333335,-0.005684201579586157,0.00875966563056519,1.8837502602929077,-0.01097128353978205,修复反弹,宽度改善但趋势仍需确认，适合结合反转与低估值修复
20260225,4735.8858,0.6021,596903872.617,0.6850667154085176,2480891982.6899977,4699.975025,4651.399919999999,0.003604161684020557,0.008836574963308669,1.8584883103348608,-0.02813857969294775,修复反弹,宽度改善但趋势仍需确认，适合结合反转与低估值修复
20260226,4726.8739,-0.1903,599848915.405,0.45421312374337414,2556639456.2120028,4700.16526,4656.047021666666,0.0008055566918223622,0.008847451633950343,1.8532453715973407,-0.01675140942515929,中性震荡,趋势信号不充分，适合等待宽度或量能确认
20260227,4710.6469,-0.3433,578820992.51,0.597879729482727,2505480227.081007,4699.51215,4659.717725,-0.0027652422542278066,0.008882134314212373,1.8367664110088644,-0.010658387492384458,趋势上行,趋势和宽度共振，适合提高权益暴露并强化动量类信号
20260302,4728.6688,0.3826,752681937.77,0.20877513711151738,3045764686.7069907,4700.8207600000005,4663.235113333333,0.005565596793839278,0.008860451681610428,1.8311144413021536,-0.02394198130349079,中性震荡,趋势信号不充分，适合等待宽度或量能确认
20260303,4655.8962,-1.539,801659243.77,0.11750730994152046,3157557743.6520023,4698.26737,4665.576671666667,-0.010849413762246685,0.009527042375366506,1.8214980072033098,0.00405077759250716,中性震荡,趋势信号不充分，适合等待宽度或量能确认
20260304,4602.6247,-1.1442,608923128.59,0.31877968578735844,2387941675.350995,4693.114015,4666.842723333334,-0.021902645642878582,0.009835245458641185,1.779816128769257,0.022133284080277038,中性震荡,趋势信号不充分，适合等待宽度或量能确认
20260305,4647.6921,0.9792,570443777.085,0.7448867786705624,2412590766.720994,4689.59905,4668.029498333333,-0.014900260309927638,0.010103683651455662,1.7345258040508404,0.008578020906333084,中性震荡,趋势信号不充分，适合等待宽度或量能确认
20260306,4660.439,0.2743,487807080.157,0.7777980646339236,2219238855.322996,4684.927515,4669.797903333334,-0.01965360977394892,0.009950644368080927,1.6532593991461908,0.0018669915001570114,中性震荡,趋势信号不充分，适合等待宽度或量能确认
20260309,4615.4551,-0.9652,665821508.005,0.2596241561758803,2670581822.5130043,4680.383265,4671.2046783333335,-0.019311184076985843,0.009934372904458174,1.6382711680169384,0.012155681029157872,中性震荡,趋势信号不充分，适合等待宽度或量能确认
20260310,4674.7562,1.2848,557607876.149,0.8278883007848148,2416829506.5919986,4683.82208,4673.341175,0.01493195834397798,0.00914933143249536,1.6234419346370441,-0.00798266228300848,中性震荡,趋势信号不充分，适合等待宽度或量能确认
20260311,4704.4959,0.6362,579564397.6,0.37577526450200655,2528293901.3400025,4686.041505,4675.340493333334,0.009525209655039335,0.00888474515828124,1.620526292946404,-0.009812634760718919,中性震荡,趋势信号不充分，适合等待宽度或量能确认
20260312,4687.5601,-0.36,572105482.464,0.2725282743524261,2460555248.759994,4685.48535,4676.4372533333335,-0.002367280262691618,0.008733996172226859,1.6171896600234676,-0.022252301362493343,中性震荡,趋势信号不充分，适合等待宽度或量能确认
20260313,4669.14,-0.393,580305608.198,0.274037584382412,2417275519.132995,4685.42141,4677.6192,-0.0002738084216344916,0.008671651961290345,1.6346117331755579,-0.021871715133836345,中性震荡,趋势信号不充分，适合等待宽度或量能确认
20260316,4671.5591,0.0518,598799098.356,0.5187956204379562,2339903116.308003,4686.81957,4678.948063333333,0.006021884893127716,0.00856492909043073,1.648395590021051,-0.054277810592185505,中性震荡,趋势信号不充分，适合等待宽度或量能确认
20260317,4637.4392,-0.7304,578501505.808,0.15826944140197152,2224568131.3920016,4682.738735000001,4680.3689699999995,-0.017295133121860373,0.007850976722185817,1.6448321223733249,-0.03508764060992975,中性震荡,趋势信号不充分，适合等待宽度或量能确认
20260318,4658.3324,0.4505,524173911.454,0.648658514327432,2061027859.931006,4679.4405750000005,4681.658676666668,-0.013962547136127545,0.007931712369603694,1.6398541063649743,-0.0259463665581271,中性震荡,趋势信号不充分，适合等待宽度或量能确认
20260319,4583.2511,-1.6118,547850295.789,0.09217010403358276,2127261718.1090066,4672.912205,4682.178535,-0.027698860276440418,0.008650594606975436,1.6497152064418978,-0.023065897480502473,风险收缩,趋势与宽度同步走弱，适合降低仓位或提高防御过滤
20260320,4567.0179,-0.3542,615463088.558,0.12078087940156906,2302824611.7070026,4665.2842,4683.336258333334,-0.032324945153994866,0.008641113401356523,1.660813503165217,-0.014111637267723354,风险收缩,趋势与宽度同步走弱，适合降低仓位或提高防御过滤
20260323,4417.9971,-3.263,671719761.061,0.05562648185300018,2448105222.3709984,4653.163775,4680.638293333333,-0.052014464148785744,0.010861557886539511,1.6959054594146203,0.016739010534887022,高波动分化,波动抬升且赚钱效应不足，适合降低换手并控制回撤
20260324,4474.7224,1.284,530149390.314,0.9370552818828681,2096069957.1219954,4641.522695,4679.337123333334,-0.04945712668856628,0.01104512476374698,1.6863668314860647,-0.005513883945068909,中性震荡,趋势信号不充分，适合等待宽度或量能确认
20260325,4537.4656,1.4022,550428161.188,0.8890915724188252,2192853021.112995,4631.601685,4678.825248333334,-0.041897167368351584,0.01150436495270233,1.6638631107358106,-0.0025121512766952403,中性震荡,趋势信号不充分，适合等待宽度或量能确认
20260326,4477.5343,-1.3208,471127498.414,0.167122787812443,1956968363.4360094,4619.134705,4676.590428333334,-0.052749365706582396,0.011770163889437777,1.617012397415823,0.0003081606767367795,高波动分化,波动抬升且赚钱效应不足，适合降低换手并控制回撤
20260327,4502.5698,0.5591,440517561.617,0.7917123037604965,1863792357.710003,4608.73085,4674.621023333334,-0.04417166143359197,0.011910292021796567,1.5668790246870414,-0.013721253138596734,中性震荡,趋势信号不充分，适合等待宽度或量能确认
20260330,4491.95,-0.2359,444629519.711,0.5237399561723886,1927548105.481998,4596.89491,4672.2525466666675,-0.050060346793583954,0.011825913461771146,1.4795157265261967,-0.011427954451852629,中性震荡,趋势信号不充分，适合等待宽度或量能确认
20260331,4450.0493,-0.9328,484558113.011,0.18442174388909158,2005905366.8860033,4586.602565,4669.044440000001,-0.044212089608011595,0.011552634477119234,1.3895401782662749,0.032697772584227236,高波动分化,波动抬升且赚钱效应不足，适合降低换手并控制回撤
20260401,4526.0668,1.7082,503744056.996,0.8195077484047402,2024837697.6630006,4582.774670000001,4666.858219999999,-0.016633530863379042,0.012098742740774838,1.3611718267333426,0.008872361318220001,中性震荡,趋势信号不充分，适合等待宽度或量能确认
20260402,4478.9141,-1.0418,429949131.7,0.19179580674567,1857789952.382,4574.33577,4664.1839199999995,-0.03631436772672614,0.012014012654581456,1.3178267093591403,0.035198576369213974,高波动分化,波动抬升且赚钱效应不足，适合降低换手并控制回撤
20260403,4440.7889,-0.8512,373234910.158,0.13051403572730588,1668913111.9029946,4563.353265,4660.675705,-0.04713077459011927,0.012054600421245438,1.2748312174166743,0.04624531915939545,高波动分化,波动抬升且赚钱效应不足，适合降低换手并控制回撤
20260407,4440.6162,-0.0039,378261695.015,0.725200583515682,1623581024.4679997,4554.61132,4657.520316666667,-0.037881183157864484,0.011938855043801867,1.1930318196702698,0.05870074968424421,中性震荡,趋势信号不充分，适合等待宽度或量能确认
20260408,4595.556,3.4892,641779180.97,0.9424408014571949,2450644988.822999,4550.651309999999,4655.483821666667,-0.016942102777466772,0.014176091610255659,1.195673733684247,0.019516767938417168,修复反弹,宽度改善但趋势仍需确认，适合结合反转与低估值修复
20260409,4566.2237,-0.6383,500445676.661,0.20761245674740483,2147341438.9860015,4543.7377,4651.742653333333,-0.029391501861017688,0.014125522048843406,1.1659109273437422,0.03731398441999234,高波动分化,波动抬升且赚钱效应不足，适合降低换手并控制回撤
20260410,4636.5655,1.5405,625717995.648,0.7237488626023658,2337611173.9680057,4541.18797,4649.407648333334,-0.010878708520451807,0.014600695941113967,1.1563056325882353,0.01986515665528721,修复反弹,宽度改善但趋势仍需确认，适合结合反转与低估值修复
20260413,4646.1546,0.2068,556620945.24,0.43283582089552236,2163064886.9379907,4540.0387,4647.882665,-0.004922833755252709,0.014586961958679466,1.1364448295658187,0.023952560683193846,高波动分化,波动抬升且赚钱效应不足，适合降低换手并控制回撤
20260414,4701.2837,1.1866,605717793.585,0.6774017467248908,2396798587.9150004,4541.5249300000005,4646.922024999999,0.006362886429072345,0.014832758025068594,1.1408899219866084,0.014190443346356663,修复反弹,宽度改善但趋势仍需确认，适合结合反转与低估值修复
20260415,4685.2464,-0.3411,604550556.798,0.3350928285402257,2429477820.339002,4543.915289999999,4645.17754,0.010308965344494547,0.014751371299854666,1.15689897296304,0.024412931622977307,高波动分化,波动抬升且赚钱效应不足，适合降低换手并控制回撤
20260416,4736.6077,1.0962,567611323.592,0.780829392506366,2354962986.5539937,4547.829055,4644.770461666666,0.01680328780316298,0.014910768521470868,1.1798633454632035,0.010496879443910867,修复反弹,宽度改善但趋势仍需确认，适合结合反转与低估值修复
20260417,4728.6716,-0.1675,587622682.308,0.4358741131526287,2452893221.5870013,4555.10008,4644.549478333332,0.03172867836108728,0.014381579477853916,1.2053040718900534,0.008606476288182119,高波动分化,波动抬升且赚钱效应不足，适合降低换手并控制回撤
20260420,4757.4419,0.6084,626568410.331,0.6233387948297834,2606522778.408983,4564.621279999999,4644.649688333334,0.04169547923164485,0.014359347727842264,1.2290312048390402,0.0028387104422651355,中性震荡,趋势信号不充分，适合等待宽度或量能确认
20260421,4767.997,0.2219,580407995.62,0.35449254274281555,2426646682.1460032,4582.1212749999995,4645.251758333334,0.07922139650114324,0.01180500530623017,1.2273547059574734,-0.0020530004528106494,高波动分化,波动抬升且赚钱效应不足，适合降低换手并控制回撤
20260422,4799.627,0.6634,619505670.177,0.5311988357285792,2578847156.589007,4598.366505,4646.337948333335,0.07260888407289823,0.011637617326311545,1.2650728091679353,0.0022334652255269205,中性震荡,趋势信号不充分，适合等待宽度或量能确认
20260423,4786.3273,-0.2771,693853775.976,0.24208227156898435,2823315532.636006,4610.809589999999,4647.4621,0.05484596952095888,0.011448448014065606,1.3143291744358172,0.004383235555161402,高波动分化,波动抬升且赚钱效应不足，适合降低换手并控制回撤
20260424,4769.3688,-0.3543,680097832.547,0.37045123726346435,2657622712.6029816,4625.401315,4648.233760000001,0.06517750182282245,0.010932412754714441,1.3690694419669163,0.0225867204901411,高波动分化,波动抬升且赚钱效应不足，适合降低换手并控制回撤
20260427,4770.9469,0.0331,648904814.981,0.5976342129208371,2604807456.0779967,4638.82017,4649.0210566666665,0.05960531694589166,0.010935591776150503,1.426962987875072,0.02715664263628681,中性震荡,趋势信号不充分，适合等待宽度或量能确认
20260428,4758.2083,-0.267,631521664.931,0.30940233236151604,2550473217.357001,4652.1330849999995,4649.949584999999,0.05927454668907717,0.01094377502070267,1.475630476082944,0.023896368723496098,高波动分化,波动抬升且赚钱效应不足，适合降低换手并控制回撤
20260429,4810.3468,1.0958,681020507.301,0.7273892347125595,2608873892.8900037,4670.14796,4651.672631666666,0.08096483335589122,0.010683925140294995,1.5227388091226715,0.029413638118565455,趋势上行,趋势和宽度共振，适合提高权益暴露并强化动量类信号
20260430,4807.3069,-0.0632,726665374.516,0.5271062271062271,2759205598.0670037,4684.209965,4653.366216666666,0.06213785885793821,0.010264297324479685,1.5801130270693107,0.029276183719412874,中性震荡,趋势信号不充分，适合等待宽度或量能确认
20260506,4877.0932,1.4517,881744311.635,0.7083788706739527,3246596327.640997,4704.11892,4656.017913333333,0.08890081191778165,0.010052143139312842,1.688616788761448,0.024860812584020175,趋势上行,趋势和宽度共振，适合提高权益暴露并强化动量类信号
20260507,4900.5098,0.4801,787236200.023,0.6408155834698708,3168269724.2489867,4727.104965,4658.461914999999,0.10352234937355398,0.009588116218825531,1.805757547513497,0.0028746601016897966,趋势上行,趋势和宽度共振，适合提高权益暴露并强化动量类信号
20260508,4871.9122,-0.5836,716546104.146,0.6623565835002732,3075719586.3759985,4748.669765000001,4661.22145,0.09712525932774807,0.009832338064110097,1.9192092851150369,-0.002528678575118737,趋势上行,趋势和宽度共振，适合提高权益暴露并强化动量类信号
20260511,4951.8366,1.6405,904479321.902,0.568384629393553,3565452832.1799955,4766.483795,4666.985728333332,0.07752720236680832,0.007415755430642286,2.0063062676195815,-0.02389273103236078,趋势上行,趋势和宽度共振，适合提高权益暴露并强化动量类信号
20260512,4948.0465,-0.0765,819351442.664,0.251183970856102,3269736242.9169955,4785.574935,4671.784713333333,0.08361894315427443,0.007111255919310612,2.0939959992479453,-0.019232499128696623,中性震荡,趋势信号不充分，适合等待宽度或量能确认
20260513,4998.3417,1.0165,823173197.929,0.5852903695612598,3264212322.031002,4803.663745,4676.779021666667,0.07802676356022586,0.006758561917114466,2.1663888914063936,-0.029538136618390887,趋势上行,趋势和宽度共振，适合提高权益暴露并强化动量类信号
20260514,4914.5971,-1.6754,857446326.248,0.19060622610595304,3388086341.1760006,4817.08587,4680.84866,0.05777734989705263,0.008172813568445878,2.262096571257452,-0.026756923777129127,中性震荡,趋势信号不充分，适合等待宽度或量能确认
20260515,4859.5927,-1.1192,887687426.985,0.3304822565969063,3370232295.6249948,4825.001319999999,4684.448606666667,0.03367356877441807,0.00845467360841555,2.3381483671924768,-0.0029831923979967145,中性震荡,趋势信号不充分，适合等待宽度或量能确认
20260518,4833.5237,-0.5364,733452822.624,0.43189670849245315,2917073666.06199,4832.415185,4686.356403333333,0.031647705870922804,0.00852767950073745,2.3762429384652632,,中性震荡,趋势信号不充分，适合等待宽度或量能确认
20260519,4852.8832,0.4005,712401049.985,0.6567164179104478,2908976620.151003,4838.2289599999995,4688.49953,0.02454826478452099,0.008263195166674267,2.4195265554941625,,修复反弹,宽度改善但趋势仍需确认，适合结合反转与低估值修复
20260520,4850.7,-0.045,729653332.839,0.2979265187340851,2976458677.756002,4844.330379999999,4690.780888333333,0.025806063588767802,0.008244915429777469,2.4604313371098168,,中性震荡,趋势信号不充分，适合等待宽度或量能确认
20260521,4783.0976,-1.3937,891936347.97,0.1263406653335757,3507279541.526999,4845.613165000001,4691.839548333333,0.005392751091715997,0.008829076343087163,2.4802800133586316,,中性震荡,趋势信号不充分，适合等待宽度或量能确认
20260522,4845.0956,1.2962,771823300.851,0.7029433139534884,2924659105.588002,4849.468095,4694.9177150000005,0.01617001856335043,0.009267493577625172,2.4802800133586316,,中性震荡,趋势信号不充分，适合等待宽度或量能确认
